antecedents,consequents,support,confidence,lift
"DELI, GROCERY, MEAT","DRUG GM, MEAT-PCKGD, PRODUCE",0.014530709648714786,0.3431641791044776,4.610049355207256
"DELI, MEAT","DRUG GM, GROCERY, MEAT-PCKGD, PRODUCE",0.014530709648714786,0.3392351274787535,4.577475603340681
"DELI, MEAT","DRUG GM, MEAT-PCKGD, PRODUCE",0.014535765567172933,0.33935316336166194,4.558852372137227
"DELI, MEAT-PCKGD","DRUG GM, GROCERY, MEAT, PRODUCE",0.014530709648714786,0.3179203539823009,4.436350428492404
"DRUG GM, GROCERY, MEAT, PRODUCE","DELI, MEAT-PCKGD",0.014530709648714786,0.2027656272047411,4.436350428492403
"DRUG GM, MEAT, PRODUCE","DELI, GROCERY, MEAT-PCKGD",0.014530709648714786,0.20085261024530018,4.430764674904911
"DELI, GROCERY, MEAT-PCKGD","DRUG GM, MEAT, PRODUCE",0.014530709648714786,0.32054427838501004,4.4307646749049105
"DELI, MEAT-PCKGD","DRUG GM, MEAT, PRODUCE",0.014535765567172933,0.3180309734513274,4.396024192954864
"DRUG GM, MEAT, PRODUCE","DELI, MEAT-PCKGD",0.014535765567172933,0.20092249633098053,4.396024192954864
"DELI, DRUG GM, MEAT","GROCERY, MEAT-PCKGD, PRODUCE",0.014530709648714786,0.545144157814871,4.339301862761096
"DELI, DRUG GM, GROCERY, MEAT","MEAT-PCKGD, PRODUCE",0.014530709648714786,0.5472201066260473,4.3157051895750485
"DELI, DRUG GM, MEAT","MEAT-PCKGD, PRODUCE",0.014535765567172933,0.5453338391502276,4.300828955614068
"DELI, MEAT","GROCERY, PASTRY, PRODUCE",0.010379800594576011,0.24232766761095373,4.280948974761997
"DELI, MEAT-PCKGD, PRODUCE","DRUG GM, GROCERY, MEAT",0.014530709648714786,0.4117478510028653,4.271414242848774
"MEAT, PASTRY","DELI, GROCERY, PRODUCE",0.010379800594576011,0.3067383833856268,4.224872658292226
"GROCERY, MEAT, PASTRY","DELI, PRODUCE",0.010379800594576011,0.31176917236142754,4.209447816439486
"DELI, GROCERY, MEAT","PASTRY, PRODUCE",0.010379800594576011,0.24513432835820895,4.2072742569692325
"DELI, GROCERY, MEAT-PCKGD, PRODUCE","DRUG GM, MEAT",0.014530709648714786,0.4128717138342192,4.200024200783961
"DELI, MEAT-PCKGD, PRODUCE","DRUG GM, MEAT",0.014535765567172933,0.41189111747851,4.190048878457004
"DELI, MEAT","PASTRY, PRODUCE",0.010405080186866747,0.24291784702549574,4.169232482426133
"MEAT, PASTRY","DELI, PRODUCE",0.010405080186866747,0.30748543254146127,4.151609579596596
"MEAT, NUTRITION","MEAT-PCKGD, PRODUCE",0.010010718547131273,0.523532522474881,4.128890727511534
"DELI, DRUG GM, MEAT-PCKGD","GROCERY, MEAT, PRODUCE",0.014530709648714786,0.5148692225008957,4.094196670285336
"DRUG GM, GROCERY, MEAT, PASTRY","MEAT-PCKGD, PRODUCE",0.010035998139422008,0.5142487046632125,4.055672985283603
"DRUG GM, MEAT, PASTRY","GROCERY, MEAT-PCKGD, PRODUCE",0.010035998139422008,0.5094969199178645,4.0555528330937936
"GROCERY, MEAT, PASTRY","DRUG GM, MEAT-PCKGD, PRODUCE",0.010035998139422008,0.3014426727410782,4.049564854724743
"DELI, DRUG GM, GROCERY, MEAT-PCKGD","MEAT, PRODUCE",0.014530709648714786,0.5165348670021568,4.03063077581657
"DRUG GM, MEAT, PASTRY","MEAT-PCKGD, PRODUCE",0.010056221813254596,0.510523613963039,4.026294691116933
"DELI, DRUG GM, MEAT-PCKGD","MEAT, PRODUCE",0.014535765567172933,0.5150483697599427,4.0190313235522765
"MEAT, PASTRY","DRUG GM, GROCERY, MEAT-PCKGD, PRODUCE",0.010035998139422008,0.29657851486627823,4.001887794949614
"DELI, GROCERY, MEAT","MEAT-PCKGD, PRODUCE",0.02147754161020891,0.5072238805970148,4.000271019399592
"DELI, MEAT-PCKGD","GROCERY, PASTRY, PRODUCE",0.010334297328452686,0.22610619469026547,3.9943812107358188
"MEAT, PASTRY","DRUG GM, MEAT-PCKGD, PRODUCE",0.010056221813254596,0.2971761541909458,3.9922486711348766
"DELI, MEAT","GROCERY, MEAT-PCKGD, PRODUCE",0.02147754161020891,0.5014164305949008,3.991232814492283
"MEAT-PCKGD, PASTRY","DELI, GROCERY, PRODUCE",0.010334297328452686,0.28804960541149943,3.9674620720842375
"DELI, MEAT","MEAT-PCKGD, PRODUCE",0.02151293303941594,0.5022426817752597,3.960986304994819
"GROCERY, MEAT-PCKGD, PASTRY","DELI, PRODUCE",0.010334297328452686,0.29141716566866266,3.9346589093640145
"MEAT-PCKGD, PASTRY, PRODUCE","DRUG GM, GROCERY, MEAT",0.010035998139422008,0.3792510508215514,3.934297012477342
"GROCERY, SEAFOOD-PCKGD","MEAT, MEAT-PCKGD",0.010981454891095517,0.368948530660778,3.9296495413211607
"DELI, GROCERY, MEAT-PCKGD","PASTRY, PRODUCE",0.010334297328452686,0.2279723399509257,3.91272068502375
"GROCERY, MEAT-PCKGD, PASTRY","DRUG GM, MEAT, PRODUCE",0.010035998139422008,0.28300541773595667,3.9118789267705223
"MEAT-PCKGD, PASTRY","DRUG GM, GROCERY, MEAT, PRODUCE",0.010035998139422008,0.2797350620067644,3.90350207733836
"MEAT-PCKGD, PASTRY","DELI, PRODUCE",0.010349465083827128,0.2884723788049605,3.894898959592841
"DELI, MEAT-PCKGD","PASTRY, PRODUCE",0.010349465083827128,0.2264380530973451,3.8863875083319765
"GROCERY, MEAT-PCKGD, PASTRY, PRODUCE","DRUG GM, MEAT",0.010035998139422008,0.38114439324116745,3.877271370178678
"MEAT-PCKGD, PASTRY","DRUG GM, MEAT, PRODUCE",0.010056221813254596,0.28029875986471253,3.874465798876355
"MEAT-PCKGD, PASTRY, PRODUCE","DRUG GM, MEAT",0.010056221813254596,0.3800152846771112,3.8657852762287956
"MEAT-PCKGD, NUTRITION","MEAT, PRODUCE",0.010010718547131273,0.4919254658385093,3.8385984154837685
SEAFOOD-PCKGD,"GROCERY, MEAT, MEAT-PCKGD",0.010981454891095517,0.3556574422793516,3.8276621065158554
"MEAT, NUTRITION","DRUG GM, GROCERY, PRODUCE",0.011608388779905757,0.6070861977789529,3.80934503620772
"DELI, MEAT, PRODUCE","DRUG GM, GROCERY, MEAT-PCKGD",0.014530709648714786,0.4121020934901061,3.7918147035365233
SEAFOOD-PCKGD,"MEAT, MEAT-PCKGD",0.010981454891095517,0.3556574422793516,3.788086924800667
"DELI, MEAT-PCKGD","DRUG GM, GROCERY, MEAT",0.01662385989038769,0.363716814159292,3.773147028162071
"DRUG GM, MEAT-PCKGD, PASTRY","GROCERY, MEAT, PRODUCE",0.010035998139422008,0.47306959008579597,3.7618095156953086
"DELI, GROCERY, MEAT, PRODUCE","DRUG GM, MEAT-PCKGD",0.014530709648714786,0.414598961338719,3.7543585461616407
"DELI, MEAT-PCKGD","GROCERY, MEAT, PRODUCE",0.02147754161020891,0.46991150442477875,3.7366966846447207
"DELI, MEAT, PRODUCE","DRUG GM, MEAT-PCKGD",0.014535765567172933,0.4122454832234012,3.7330468654788977
"DELI, GROCERY, MEAT-PCKGD","DRUG GM, MEAT",0.01662385989038769,0.36671871514610754,3.730523130757513
"GROCERY, MEAT, NUTRITION","DRUG GM, PRODUCE",0.011608388779905757,0.6129204484783769,3.7256310785101325
"DRUG GM, GROCERY, MEAT-PCKGD, PASTRY","MEAT, PRODUCE",0.010035998139422008,0.4763618910487161,3.7171525508637497
"GROCERY, MEAT, PASTRY","MEAT-PCKGD, PRODUCE",0.01567840313871418,0.47091875474563405,3.713947073791996
"DELI, MEAT-PCKGD","DRUG GM, MEAT",0.016628915808845835,0.36382743362831854,3.7011109624274994
"MEAT, NUTRITION","DRUG GM, PRODUCE",0.01163872429065464,0.6086726599682707,3.6998109367160734
"DRUG GM, MEAT-PCKGD, PASTRY","MEAT, PRODUCE",0.010056221813254596,0.4740228789323165,3.6989007447928755
"DELI, GROCERY, PRODUCE","DRUG GM, MEAT, MEAT-PCKGD",0.014530709648714786,0.20013927576601673,3.698855080845535
"DRUG GM, MEAT, MEAT-PCKGD","DELI, GROCERY, PRODUCE",0.014530709648714786,0.268547934965427,3.6988550808455347
"DELI, GROCERY, MEAT-PCKGD","MEAT, PRODUCE",0.02147754161020891,0.4737898728530002,3.697082549092564
"MEAT, PASTRY","GROCERY, MEAT-PCKGD, PRODUCE",0.01567840313871418,0.46331988644852834,3.6879875121088834
"DELI, MEAT-PCKGD","MEAT, PRODUCE",0.02151293303941594,0.4706858407079646,3.6728611299935654
"MEAT, PASTRY","MEAT-PCKGD, PRODUCE",0.015723906404837503,0.46466457492903035,3.664622869574666
"MEAT-PCKGD, NUTRITION","DRUG GM, GROCERY, PRODUCE",0.011851072865896818,0.5823602484472049,3.6541946264355754
"DRUG GM, GROCERY, MEAT, MEAT-PCKGD","DELI, PRODUCE",0.014530709648714786,0.2700873978009586,3.646668457659635
"DRUG GM, MEAT, MEAT-PCKGD","DELI, PRODUCE",0.014535765567172933,0.26864137544384226,3.627144539988168
"DELI, MEAT, MEAT-PCKGD","DRUG GM, GROCERY, PRODUCE",0.014530709648714786,0.5764139590854392,3.6168828444399246
"DELI, MEAT","DRUG GM, GROCERY, MEAT-PCKGD",0.01662385989038769,0.38810198300283283,3.570985998053791
"GROCERY, MEAT-PCKGD, NUTRITION","DRUG GM, PRODUCE",0.011851072865896818,0.5873214733149587,3.5700279530415515
"DELI, GROCERY, MEAT","DRUG GM, MEAT-PCKGD",0.01662385989038769,0.39259701492537313,3.5551221677529394
"MEAT-PCKGD, NUTRITION","DRUG GM, PRODUCE",0.011886464295103849,0.5840993788819876,3.550442482876258
"GROCERY, SEAFOOD-PCKGD","MEAT-PCKGD, PRODUCE",0.013372904321799097,0.449295056905045,3.5434096540984505
"DELI, DRUG GM, PRODUCE","GROCERY, MEAT, MEAT-PCKGD",0.014530709648714786,0.32808219178082193,3.530891312871107
"DELI, DRUG GM, GROCERY","PASTRY, PRODUCE",0.01263474022690962,0.2056620854250679,3.529806712257318
"PASTRY, PRODUCE","DELI, DRUG GM, GROCERY",0.01263474022690962,0.2168517875737591,3.529806712257318
"DELI, DRUG GM, GROCERY, PRODUCE","MEAT, MEAT-PCKGD",0.014530709648714786,0.33122046790365334,3.5278101187790942
"MEAT-PCKGD, SEAFOOD-PCKGD","GROCERY, MEAT",0.010981454891095517,0.6485518065094058,3.5214474073045365
"DELI, MEAT","DRUG GM, MEAT-PCKGD",0.016628915808845835,0.38822001888574126,3.5154867271940753
"DELI, GROCERY, MEAT, MEAT-PCKGD","DRUG GM, PRODUCE",0.014530709648714786,0.5781532890766445,3.514299232917157
"DELI, MEAT, MEAT-PCKGD","DRUG GM, PRODUCE",0.014535765567172933,0.5766145206578419,3.5049458438142915
"DRUG GM, GROCERY, MEAT","MEAT-PCKGD, PRODUCE",0.04276801423746638,0.4436693590684989,3.4990420348275553
"MEAT-PCKGD, PRODUCE","DRUG GM, GROCERY, MEAT",0.04276801423746638,0.3372941504844691,3.4990420348275553
"DELI, DRUG GM, PRODUCE","MEAT, MEAT-PCKGD",0.014535765567172933,0.3281963470319635,3.495600381624017
"GROCERY, PASTRY, PRODUCE","DELI, DRUG GM",0.01263474022690962,0.22320471596998928,3.4896225090721873
"MEAT-PCKGD, PASTRY","GROCERY, MEAT, PRODUCE",0.01567840313871418,0.43700676437429536,3.475040964582605
"DRUG GM, MEAT","GROCERY, MEAT-PCKGD, PRODUCE",0.04276801423746638,0.43506660494779614,3.4630937564155952
"GROCERY, MEAT-PCKGD, PRODUCE","DRUG GM, MEAT",0.04276801423746638,0.3404298132646491,3.4630937564155952
"MEAT, PASTRY, PRODUCE","DRUG GM, GROCERY, MEAT-PCKGD",0.010035998139422008,0.3763033175355451,3.462424663598827
"GROCERY, MEAT-PCKGD, PASTRY","MEAT, PRODUCE",0.01567840313871418,0.4421157684630739,3.4499228158272954
SEAFOOD-PCKGD,"GROCERY, MEAT-PCKGD, PRODUCE",0.013372904321799097,0.4331095464221385,3.4475157343746754
"GROCERY, MEAT, PASTRY, PRODUCE","DRUG GM, MEAT-PCKGD",0.010035998139422008,0.38026819923371646,3.4434798365551833
"MEAT-PCKGD, PRODUCE","DRUG GM, MEAT",0.04286913260662932,0.338091630447785,3.439308100756391
"DRUG GM, MEAT","MEAT-PCKGD, PRODUCE",0.04286913260662932,0.4360952527902073,3.4393081007563904
"DELI, DRUG GM, MEAT-PCKGD, PRODUCE","GROCERY, MEAT",0.014530709648714786,0.6312321546233253,3.427406742214244
"DRUG GM, GROCERY, PASTRY","DELI, PRODUCE",0.01263474022690962,0.25383443372270187,3.427224041036641
SEAFOOD-PCKGD,"MEAT-PCKGD, PRODUCE",0.013398183914089834,0.4339282790240708,3.422218049029583
"MEAT-PCKGD, PASTRY","MEAT, PRODUCE",0.015723906404837503,0.4382750845546787,3.4199531472718974
"MEAT, PASTRY, PRODUCE","DRUG GM, MEAT-PCKGD",0.010056221813254596,0.37706161137440763,3.4144429077246286
"PASTRY, PRODUCE","DELI, DRUG GM",0.012720690840698122,0.21832696980215205,3.413362951800494
"MEAT, SEAFOOD-PCKGD","GROCERY, MEAT-PCKGD",0.010981454891095517,0.6961538461538462,3.4015384995448734
"MEAT-PCKGD, PASTRY, PRODUCE","DELI, GROCERY",0.010334297328452686,0.39052350019105847,3.397143952842902
"GROCERY, MEAT-PCKGD, SEAFOOD-PCKGD",MEAT,0.010981454891095517,0.6510791366906474,3.392492960503959
"MEAT-PCKGD, PASTRY","DRUG GM, GROCERY, MEAT",0.011724674904443141,0.32680383314543404,3.3902169595179434
"MEAT, PASTRY, PRODUCE","DELI, GROCERY",0.010379800594576011,0.3891943127962086,3.3855814196831817
"MEAT, MEAT-PCKGD, PRODUCE","DELI, DRUG GM, GROCERY",0.014530709648714786,0.20774902414341478,3.3816364074790326
"DELI, DRUG GM, GROCERY","MEAT, MEAT-PCKGD, PRODUCE",0.014530709648714786,0.2365237429018188,3.3816364074790326
"MEAT-PCKGD, SEAFOOD-PCKGD",MEAT,0.010981454891095517,0.6485518065094058,3.3793241314545264
"GROCERY, MEAT-PCKGD, PASTRY","DRUG GM, MEAT",0.011724674904443141,0.3306244653550043,3.3633467959489582
"GROCERY, SEAFOOD-PCKGD","MEAT, PRODUCE",0.012781361862195887,0.42942075760149484,3.3508609620264513
"DELI, MEAT","DRUG GM, GROCERY, PRODUCE",0.022817360001617895,0.5326959395656279,3.342560975058101
"GROCERY, MEAT, SEAFOOD-PCKGD",MEAT-PCKGD,0.010981454891095517,0.7045085955238405,3.3365262574879524
"MEAT-PCKGD, PASTRY","DRUG GM, MEAT",0.011760066333650171,0.3277903043968433,3.334515698505521
"MEAT, MEAT-PCKGD, PASTRY","DRUG GM, GROCERY, PRODUCE",0.010035998139422008,0.5300400534045394,3.325895818114179
"DRUG GM, PASTRY, PRODUCE","DELI, GROCERY",0.01263474022690962,0.3804811205846529,3.3097858063155794
"DELI, MEAT-PCKGD, PRODUCE","GROCERY, MEAT",0.02147754161020891,0.6085959885386819,3.3044989535533755
"DRUG GM, MEAT-PCKGD, PASTRY, PRODUCE","GROCERY, MEAT",0.010035998139422008,0.6077770973668096,3.300052613006466
"MEAT, SEAFOOD-PCKGD",MEAT-PCKGD,0.010981454891095517,0.6961538461538462,3.296958478152358
"DELI, DRUG GM, GROCERY, MEAT-PCKGD, PRODUCE",MEAT,0.014530709648714786,0.6317872059793361,3.291971018631706
SEAFOOD-PCKGD,"GROCERY, MEAT, PRODUCE",0.012781361862195887,0.4139512035369249,3.2917050876517226
"DELI, DRUG GM, MEAT-PCKGD, PRODUCE",MEAT,0.014535765567172933,0.6314517900285526,3.2902233105763417
"DRUG GM, PASTRY","DELI, GROCERY, PRODUCE",0.01263474022690962,0.23784143904063956,3.2759180045243745
"DELI, GROCERY, MEAT","DRUG GM, PRODUCE",0.022817360001617895,0.538865671641791,3.2754898264447756
"DRUG GM, GROCERY, PASTRY, PRODUCE","MEAT, MEAT-PCKGD",0.010035998139422008,0.30713291041312085,3.2712549318680852
"GROCERY, MEAT, MEAT-PCKGD, PRODUCE","DELI, DRUG GM",0.014530709648714786,0.2086994408539685,3.2628444397774663
"DELI, DRUG GM","GROCERY, MEAT, MEAT-PCKGD, PRODUCE",0.014530709648714786,0.22717571733459807,3.262844439777466
"DRUG GM, PASTRY, PRODUCE","GROCERY, MEAT, MEAT-PCKGD",0.010035998139422008,0.3022228989037759,3.252588025268257
SEAFOOD-PCKGD,"MEAT, PRODUCE",0.012867312475984388,0.41673489438349437,3.251870489222495
"MEAT, MEAT-PCKGD, PRODUCE","DELI, DRUG GM",0.014535765567172933,0.20782130981639438,3.249115581848472
"DELI, DRUG GM","MEAT, MEAT-PCKGD, PRODUCE",0.014535765567172933,0.22725476246937004,3.249115581848472
"DELI, MEAT","DRUG GM, PRODUCE",0.02287803102311566,0.5341123701605287,3.2465969288948844
"GROCERY, MEAT, MEAT-PCKGD, PASTRY","DRUG GM, PRODUCE",0.010035998139422008,0.5330290010741138,3.2400116802743417
"DRUG GM, PASTRY","DELI, PRODUCE",0.012720690840698122,0.23945940801370516,3.233135189583911
"MEAT, MEAT-PCKGD, PASTRY","DRUG GM, PRODUCE",0.010056221813254596,0.5311081441922564,3.22833577010658
"DRUG GM, PASTRY, PRODUCE","MEAT, MEAT-PCKGD",0.010056221813254596,0.3028319123020707,3.2254452488100136
"GROCERY, NUTRITION","DELI, PRODUCE",0.012700467166865534,0.2383527848942025,3.2181937755924994
"MEAT-PCKGD, PASTRY, PRODUCE","GROCERY, MEAT",0.01567840313871418,0.592472296522736,3.2169520022137124
"PRODUCE, SEAFOOD-PCKGD","GROCERY, MEAT",0.012781361862195887,0.589827344843677,3.2025906849847967
"DELI, DRUG GM, MEAT-PCKGD","GROCERY, MEAT",0.01662385989038769,0.5890361877463275,3.198294932384512
"DELI, GROCERY, PRODUCE","DRUG GM, MEAT",0.022817360001617895,0.3142757660167131,3.197036219148982
"DRUG GM, MEAT","DELI, GROCERY, PRODUCE",0.022817360001617895,0.23211438564007614,3.197036219148982
"DELI, PRODUCE","DRUG GM, GROCERY, MEAT",0.022817360001617895,0.3080756365622227,3.195933284609719
"DRUG GM, GROCERY, MEAT","DELI, PRODUCE",0.022817360001617895,0.23670408056225742,3.1959332846097186
"GROCERY, MEAT, PASTRY","DRUG GM, MEAT-PCKGD",0.011724674904443141,0.3521640091116173,3.188985213541277
"MEAT, PASTRY","DRUG GM, GROCERY, MEAT-PCKGD",0.011724674904443141,0.3464813984760197,3.1880286026132763
"DELI, GROCERY, MEAT-PCKGD, PRODUCE",MEAT,0.02147754161020891,0.6102571469616433,3.1797871541202225
"DRUG GM, GROCERY, MEAT-PCKGD, PASTRY, PRODUCE",MEAT,0.010035998139422008,0.6096437346437347,3.1765909267292343
"DELI, MEAT-PCKGD, PRODUCE",MEAT,0.02151293303941594,0.6095988538681948,3.1763570723381154
"DRUG GM, MEAT-PCKGD, PASTRY, PRODUCE",MEAT,0.010056221813254596,0.6090018371096142,3.173246275145193
"DELI, MEAT-PCKGD","DRUG GM, GROCERY, PRODUCE",0.02299937306611119,0.5032079646017699,3.1575298024382112
"MEAT, MEAT-PCKGD","DELI, GROCERY, PRODUCE",0.02147754161020891,0.22875605815831987,3.150780169290931
"DELI, GROCERY, PRODUCE","MEAT, MEAT-PCKGD",0.02147754161020891,0.2958217270194986,3.1507801692909307
"MEAT, PASTRY","DRUG GM, MEAT-PCKGD",0.011760066333650171,0.347527267294188,3.146997671622693
"DELI, PRODUCE","DRUG GM, MEAT",0.02287803102311566,0.3088948051061506,3.142297264431174
"DRUG GM, MEAT","DELI, PRODUCE",0.02287803102311566,0.23273157434552283,3.142297264431174
"GROCERY, MEAT, MEAT-PCKGD","DELI, PRODUCE",0.02147754161020891,0.23114593535749264,3.120888269676275
"DELI, PRODUCE","GROCERY, MEAT, MEAT-PCKGD",0.02147754161020891,0.28998566455048125,3.120888269676275
"GROCERY, MEAT","DRUG GM, MEAT-PCKGD, PRODUCE",0.04276801423746638,0.2322178603782908,3.1196024022618616
"DRUG GM, MEAT-PCKGD, PRODUCE","GROCERY, MEAT",0.04276801423746638,0.5745432316783264,3.119602402261861
"GROCERY, PRODUCE, SEAFOOD-PCKGD",MEAT,0.012781361862195887,0.5970713273500237,3.1110815272769696
"GROCERY, SEAFOOD-PCKGD","DRUG GM, MEAT-PCKGD",0.01022306712237345,0.34346865975879054,3.1102453656428746
"DELI, DRUG GM, MEAT, PRODUCE","GROCERY, MEAT-PCKGD",0.014530709648714786,0.6351381215469614,3.103404204267161
"GROCERY, MEAT-PCKGD, PASTRY, PRODUCE",MEAT,0.01567840313871418,0.5954301075268817,3.1025298376544925
"MEAT-PCKGD, PASTRY, PRODUCE",MEAT,0.015723906404837503,0.5941918226977455,3.0960776687410547
"PRODUCE, SEAFOOD-PCKGD",MEAT,0.012867312475984388,0.5937937470835277,3.0940034681671484
"MEAT, MEAT-PCKGD","DELI, PRODUCE",0.02151293303941594,0.22913301023155627,3.093710139100215
"DELI, PRODUCE","MEAT, MEAT-PCKGD",0.02151293303941594,0.29046351286777256,3.093710139100215
"MEAT, PASTRY","DELI, GROCERY",0.012028030011931968,0.3554459883460332,3.0920064715215383
"DELI, GROCERY, MEAT-PCKGD","DRUG GM, PRODUCE",0.02299937306611119,0.5073611420923488,3.083989845175374
"DRUG GM, MEAT-PCKGD","GROCERY, MEAT, PRODUCE",0.04276801423746638,0.3872813844886,3.079628933993938
"GROCERY, MEAT, PRODUCE","DRUG GM, MEAT-PCKGD",0.04276801423746638,0.34008764523780805,3.0796289339939373
"DELI, DRUG GM, GROCERY, MEAT-PCKGD",MEAT,0.01662385989038769,0.590941768511862,3.079143036181779
"DRUG GM, GROCERY, MEAT-PCKGD","MEAT, PRODUCE",0.04276801423746638,0.39351507257164126,3.070681310364137
"MEAT, PRODUCE","DRUG GM, GROCERY, MEAT-PCKGD",0.04276801423746638,0.33372785734011917,3.070681310364137
"DELI, DRUG GM, MEAT-PCKGD",MEAT,0.016628915808845835,0.5892153350053745,3.070147334757054
"DELI, MEAT, PRODUCE","GROCERY, PASTRY",0.010379800594576011,0.2943791224548323,3.0659079496654393
"DELI, MEAT-PCKGD","DRUG GM, PRODUCE",0.02301959673994378,0.503650442477876,3.061434393091802
"DELI, MEAT-PCKGD, PRODUCE","GROCERY, PASTRY",0.010334297328452686,0.292836676217765,3.0498436372892055
"GROCERY, MEAT, PASTRY, PRODUCE",DELI,0.010379800594576011,0.39329501915708814,3.0493545765990646
"DELI, DRUG GM, MEAT","GROCERY, MEAT-PCKGD",0.01662385989038769,0.6236722306525039,3.047379706917104
SEAFOOD-PCKGD,"DRUG GM, GROCERY, MEAT-PCKGD",0.01022306712237345,0.3310954642213853,3.046460256671909
"GROCERY, MEAT-PCKGD, PASTRY, PRODUCE",DELI,0.010334297328452686,0.3924731182795699,3.0429820900932794
"DRUG GM, MEAT, PASTRY, PRODUCE","GROCERY, MEAT-PCKGD",0.010035998139422008,0.6214777708202881,3.0366571638381172
"MEAT-PCKGD, PASTRY, PRODUCE",DELI,0.010349465083827128,0.3910966755827283,3.032310045870508
"MEAT, PRODUCE","DRUG GM, MEAT-PCKGD",0.04286913260662932,0.3345169053536908,3.0291836679835087
"DRUG GM, MEAT-PCKGD","MEAT, PRODUCE",0.04286913260662932,0.3881970515520557,3.0291836679835087
"MEAT, PASTRY, PRODUCE",DELI,0.010405080186866747,0.3901421800947868,3.024909506726291
"PASTRY, PRODUCE","DELI, GROCERY",0.020243897506421017,0.3474488024991323,3.0224393608962647
"DRUG GM, MEAT, NUTRITION","GROCERY, PRODUCE",0.011608388779905757,0.9183999999999999,3.0200758009543285
"MEAT-PCKGD, PASTRY","DELI, GROCERY",0.012452727162416324,0.34709695603156704,3.0193786664718996
"DELI, DRUG GM, GROCERY, MEAT, PRODUCE",MEAT-PCKGD,0.014530709648714786,0.6368269443828939,3.0159884988052537
"PRODUCE, SEAFOOD-PCKGD","GROCERY, MEAT-PCKGD",0.013372904321799097,0.6171255249650023,3.0153912728026353
"GROCERY, NUTRITION","DRUG GM, MEAT, PRODUCE",0.011608388779905757,0.2178574817345099,3.0113631698445205
"DELI, DRUG GM, MEAT, PRODUCE",MEAT-PCKGD,0.014535765567172933,0.6353591160220995,3.0090369187984343
MEAT,"DRUG GM, GROCERY, MEAT-PCKGD, PRODUCE",0.04276801423746638,0.22284570194156855,3.006972690381973
"DRUG GM, GROCERY, MEAT-PCKGD, PRODUCE",MEAT,0.04276801423746638,0.5770910083231,3.0069726903819727
SEAFOOD-PCKGD,"DRUG GM, MEAT-PCKGD",0.010243290796206039,0.33175045030293104,3.004132316844434
"DRUG GM, MEAT-PCKGD, PASTRY","GROCERY, MEAT",0.011724674904443141,0.5526692087702574,3.0008328290622797
MEAT,"DRUG GM, MEAT-PCKGD, PRODUCE",0.04286913260662932,0.22337258621143866,3.0007754589138105
"DRUG GM, MEAT-PCKGD, PRODUCE",MEAT,0.04286913260662932,0.5759016504788427,3.0007754589138105
"DRUG GM, GROCERY, PASTRY, PRODUCE",DELI,0.01263474022690962,0.38666254061581307,2.997930638311267
"GROCERY, NUTRITION","DRUG GM, MEAT-PCKGD, PRODUCE",0.011851072865896818,0.2224119935477749,2.9878709080912387
"DELI, MEAT-PCKGD","GROCERY, MEAT",0.02513297065544927,0.5498893805309734,2.985739171396496
"MEAT-PCKGD, PRODUCE","GROCERY, MEAT",0.06962505308714381,0.5491048287411779,2.9814792836923187
"GROCERY, MEAT","MEAT-PCKGD, PRODUCE",0.06962505308714381,0.37804375875037743,2.9814792836923183
"DELI, MEAT, PRODUCE","GROCERY, MEAT-PCKGD",0.02147754161020891,0.6091195870375682,2.9762727557742665
"MEAT, PASTRY","DRUG GM, GROCERY, PRODUCE",0.01604242926770077,0.4740773942925445,2.974741272876298
"DELI, DRUG GM, PRODUCE","GROCERY, PASTRY",0.01263474022690962,0.28527397260273973,2.9710793793455155
"DRUG GM, PASTRY, PRODUCE",DELI,0.012720690840698122,0.38306942752740564,2.9700719691019404
"DRUG GM, GROCERY, NUTRITION","MEAT-PCKGD, PRODUCE",0.011851072865896818,0.37624398073836274,2.9672851573938073
"MEAT-PCKGD, NUTRITION, PRODUCE",MEAT,0.010010718547131273,0.5694564279551337,2.967192180310071
"DELI, DRUG GM, GROCERY, MEAT",MEAT-PCKGD,0.01662385989038769,0.6260472201066261,2.964936129359705
"DRUG GM, GROCERY, MEAT, PASTRY, PRODUCE",MEAT-PCKGD,0.010035998139422008,0.6255909234163253,2.9627751253661887
"GROCERY, PRODUCE, SEAFOOD-PCKGD",MEAT-PCKGD,0.013372904321799097,0.6247047709022201,2.9585783403301558
"DELI, DRUG GM, MEAT",MEAT-PCKGD,0.016628915808845835,0.6238619119878605,2.9545865921570513
"MEAT, NUTRITION","GROCERY, PRODUCE",0.017169899083867575,0.8979375991538867,2.952787036118991
"DELI, DRUG GM, GROCERY","MEAT-PCKGD, PRODUCE",0.02299937306611119,0.37437247963130604,2.9525253798523368
NUTRITION,"DELI, GROCERY, PRODUCE",0.012700467166865534,0.2143344709897611,2.952143896108835
"GROCERY, PASTRY, PRODUCE","MEAT, MEAT-PCKGD",0.01567840313871418,0.2769739192568775,2.9500332548184858
"DRUG GM, MEAT, PASTRY, PRODUCE",MEAT-PCKGD,0.010056221813254596,0.6227301189730746,2.949226462932416
"DRUG GM, MEAT, MEAT-PCKGD, PRODUCE","DELI, GROCERY",0.014530709648714786,0.33895506545583204,2.948552776812161
"DELI, GROCERY, PASTRY","MEAT-PCKGD, PRODUCE",0.010334297328452686,0.3723132969034608,2.9362854327501777
"GROCERY, NUTRITION, PRODUCE","DRUG GM, MEAT",0.011608388779905757,0.2879357913217958,2.9290872958882557
"GROCERY, MEAT, PASTRY","DRUG GM, PRODUCE",0.01604242926770077,0.48185269552012155,2.928936996881705
"PRODUCE, SEAFOOD-PCKGD",MEAT-PCKGD,0.013398183914089834,0.6182921138590761,2.9282082373382887
NUTRITION,"DELI, PRODUCE",0.012836976965235504,0.2166382252559727,2.925007938898787
"DELI, MEAT","GROCERY, PASTRY",0.012028030011931968,0.28080736543909346,2.924560433651067
"DRUG GM, SEAFOOD-PCKGD","GROCERY, MEAT-PCKGD",0.01022306712237345,0.597341211225997,2.918721398403308
"DELI, GROCERY, PASTRY","MEAT, PRODUCE",0.010379800594576011,0.37395264116575594,2.918031522108831
"DRUG GM, MEAT, PASTRY","GROCERY, MEAT-PCKGD",0.011724674904443141,0.5952258726899383,2.9083854568442282
"DELI, GROCERY, MEAT, PRODUCE",MEAT-PCKGD,0.02147754161020891,0.6128101557991921,2.902245889787865
"MEAT, PASTRY","DRUG GM, PRODUCE",0.01614860355532186,0.47721500074704915,2.9007468136008283
"DRUG GM, GROCERY, MEAT-PCKGD, PASTRY",MEAT,0.011724674904443141,0.556515478761699,2.8997624677499125
"DELI, DRUG GM, GROCERY","MEAT, PRODUCE",0.022817360001617895,0.371409760513538,2.8981888867499768
"DRUG GM, MEAT-PCKGD, NUTRITION","GROCERY, PRODUCE",0.011851072865896818,0.8808718526869598,2.896667863721356
"PASTRY, PRODUCE","GROCERY, MEAT, MEAT-PCKGD",0.01567840313871418,0.2690905935439084,2.896011008589757
"DRUG GM, GROCERY, SEAFOOD-PCKGD",MEAT-PCKGD,0.01022306712237345,0.6103229701177181,2.8904666717822765
"MEAT-PCKGD, NUTRITION","GROCERY, MEAT",0.010829777337351102,0.5321739130434782,2.8895493428787287
"DELI, MEAT, PRODUCE",MEAT-PCKGD,0.02151293303941594,0.6101233151706338,2.8895211134489696
"NUTRITION, PRODUCE","DRUG GM, GROCERY, MEAT",0.011608388779905757,0.27850557981562346,2.8891776786201895
"DELI, GROCERY, MEAT-PCKGD",MEAT,0.02513297065544927,0.5544278385010037,2.888884673501318
"GROCERY, MEAT-PCKGD","DRUG GM, MEAT, PRODUCE",0.04276801423746638,0.2089725536698041,2.8885501044966957
"DRUG GM, MEAT, PRODUCE","GROCERY, MEAT-PCKGD",0.04276801423746638,0.591166398770005,2.8885501044966957
"DRUG GM, MEAT-PCKGD, PASTRY",MEAT,0.011760066333650171,0.5543374642516682,2.8884137722123593
"GROCERY, MEAT-PCKGD, PRODUCE",MEAT,0.06962505308714381,0.554209594333548,2.8877474971428065
MEAT,"GROCERY, MEAT-PCKGD, PRODUCE",0.06962505308714381,0.3627861640190732,2.8877474971428065
"GROCERY, NUTRITION","DRUG GM, PRODUCE",0.02528970412765183,0.4746180852073252,2.88496148735322
"GROCERY, PASTRY, PRODUCE","DRUG GM, MEAT",0.01604242926770077,0.28340478742408004,2.882994707351435
"DRUG GM, GROCERY, PASTRY","MEAT, MEAT-PCKGD, PRODUCE",0.010035998139422008,0.2016251904520061,2.882683473263075
"DELI, DRUG GM, GROCERY","MEAT, MEAT-PCKGD",0.01662385989038769,0.2705950127561518,2.882091889230681
"MEAT-PCKGD, PASTRY","DRUG GM, GROCERY, PRODUCE",0.01646207049972698,0.45885005636978576,2.8791927587724753
"DRUG GM, GROCERY, NUTRITION","MEAT, PRODUCE",0.011608388779905757,0.36853932584269655,2.8757902781305584
"PASTRY, PRODUCE","MEAT, MEAT-PCKGD",0.015723906404837503,0.26987157237070464,2.874386567369786
MEAT,"MEAT-PCKGD, PRODUCE",0.06994357595000708,0.36444584946916414,2.874238034802306
"MEAT-PCKGD, PRODUCE",MEAT,0.06994357595000708,0.551616890625623,2.874238034802306
"DELI, MEAT-PCKGD",MEAT,0.025208809432321476,0.5515486725663716,2.8738825798771703
"DELI, DRUG GM, MEAT, MEAT-PCKGD","GROCERY, PRODUCE",0.014530709648714786,0.8738218303435695,2.873484499309923
"MEAT, PASTRY, PRODUCE","GROCERY, MEAT-PCKGD",0.01567840313871418,0.5878672985781991,2.87243008105894
"DRUG GM, MEAT-PCKGD","DELI, GROCERY, PRODUCE",0.02299937306611119,0.20826847358300524,2.8685936527183453
"DELI, GROCERY, PRODUCE","DRUG GM, MEAT-PCKGD",0.02299937306611119,0.31678272980501393,2.8685936527183453
" , GROCERY","DRUG GM, PRODUCE",0.010061277731712743,0.4716757525479972,2.867076546450821
"DELI, MEAT","GROCERY, MEAT-PCKGD",0.02513297065544927,0.586756373937677,2.867001894522722
"DELI, DRUG GM","GROCERY, MEAT-PCKGD, PRODUCE",0.02299937306611119,0.35957631807762236,2.8621973921416926
"MEAT, MEAT-PCKGD, NUTRITION",PRODUCE,0.010010718547131273,0.9222170470423847,2.860602617470974
"DRUG GM, GROCERY, MEAT, NUTRITION",PRODUCE,0.011608388779905757,0.9217181854676837,2.8590552108914467
"MEAT, MEAT-PCKGD","DRUG GM, GROCERY, PRODUCE",0.04276801423746638,0.45551965535810446,2.858295155419205
"DRUG GM, GROCERY, PRODUCE","MEAT, MEAT-PCKGD",0.04276801423746638,0.2683607753561118,2.858295155419205
"DELI, PRODUCE","DRUG GM, GROCERY, MEAT-PCKGD",0.02299937306611119,0.3105331421940064,2.857263171207115
"DRUG GM, GROCERY, MEAT-PCKGD","DELI, PRODUCE",0.02299937306611119,0.21162076665426124,2.857263171207115
"PASTRY, PRODUCE","DRUG GM, GROCERY, MEAT",0.01604242926770077,0.2753384241582784,2.856322051684547
"DRUG GM, MEAT, NUTRITION",PRODUCE,0.01163872429065464,0.9208,2.856207113731886
"MEAT-PCKGD, PASTRY","GROCERY, MEAT",0.018828240338139828,0.5248027057497182,2.849525834266485
"GROCERY, PASTRY","DELI, PRODUCE",0.020243897506421017,0.2108367121267969,2.8466770167339
"DELI, PRODUCE","GROCERY, PASTRY",0.020243897506421017,0.27332923749061366,2.8466770167338997
"DRUG GM, GROCERY, MEAT, PASTRY",MEAT-PCKGD,0.011724674904443141,0.6007772020725389,2.8452582727180356
"DRUG GM, NUTRITION","GROCERY, MEAT-PCKGD, PRODUCE",0.011851072865896818,0.3572081682413898,2.8433471176806187
"NUTRITION, PRODUCE","DRUG GM, MEAT",0.01163872429065464,0.2792333818534692,2.8405602083029353
"DELI, DRUG GM","MEAT-PCKGD, PRODUCE",0.02301959673994378,0.3598924986167102,2.8383275854859393
"DELI, MEAT-PCKGD","GROCERY, PASTRY",0.012452727162416324,0.2724557522123893,2.837579817733877
"DELI, DRUG GM","GROCERY, MEAT, PRODUCE",0.022817360001617895,0.356730693225832,2.8366924115205587
"DRUG GM, SEAFOOD-PCKGD",MEAT-PCKGD,0.010243290796206039,0.5985228951255539,2.8345819596555097
"MEAT-PCKGD, NUTRITION","GROCERY, PRODUCE",0.017503589702105284,0.8601242236024844,2.828441151477018
"DRUG GM, MEAT, PASTRY",MEAT-PCKGD,0.011760066333650171,0.5970225872689938,2.827476557976193
MEAT-PCKGD,"DRUG GM, GROCERY, MEAT, PRODUCE",0.04276801423746638,0.20254770969518474,2.826407958599633
"DRUG GM, GROCERY, MEAT, PRODUCE",MEAT-PCKGD,0.04276801423746638,0.5967969521659376,2.826407958599633
"DRUG GM, NUTRITION","MEAT-PCKGD, PRODUCE",0.011886464295103849,0.35827491618409024,2.825570362543117
"DELI, MEAT, PASTRY","GROCERY, PRODUCE",0.010379800594576011,0.8586365537432037,2.823549082942803
"GROCERY, MEAT-PCKGD, PASTRY","DRUG GM, PRODUCE",0.01646207049972698,0.46421442828628456,2.82172295835421
"DELI, PASTRY","GROCERY, MEAT, PRODUCE",0.010379800594576011,0.3548219840995507,2.8215145173916265
"PASTRY, PRODUCE","DRUG GM, MEAT",0.01614860355532186,0.2771607080874696,2.819475499213313
"DELI, DRUG GM, MEAT","GROCERY, PRODUCE",0.022817360001617895,0.8560318664643399,2.814983803086586
"DELI, PRODUCE","DRUG GM, MEAT-PCKGD",0.02301959673994378,0.31080619837531576,2.814473782815537
"DRUG GM, MEAT-PCKGD","DELI, PRODUCE",0.02301959673994378,0.2084516069956964,2.814473782815537
"DELI, NUTRITION","GROCERY, PRODUCE",0.012700467166865534,0.8555858310626704,2.813517055783721
"GROCERY, MEAT, PASTRY, PRODUCE",MEAT-PCKGD,0.01567840313871418,0.5940613026819923,2.8134520253541626
"GROCERY, MEAT, NUTRITION",PRODUCE,0.017169899083867575,0.9065670048051255,2.812058132275205
"DELI, PASTRY","GROCERY, MEAT-PCKGD, PRODUCE",0.010334297328452686,0.3532665053577601,2.811971811079389
"DELI, GROCERY, MEAT",MEAT-PCKGD,0.02513297065544927,0.5935522388059701,2.811041117950224
MEAT-PCKGD,"DRUG GM, MEAT, PRODUCE",0.04286913260662932,0.2030266024950315,2.8063614266746306
"DRUG GM, MEAT, PRODUCE",MEAT-PCKGD,0.04286913260662932,0.5925641204836117,2.8063614266746306
"DRUG GM, MEAT, MEAT-PCKGD, PASTRY","GROCERY, PRODUCE",0.010035998139422008,0.853396388650043,2.806317271323835
"MEAT, NUTRITION",PRODUCE,0.01728618520840496,0.9040190375462718,2.8041546546358758
"DELI, MEAT, MEAT-PCKGD","GROCERY, PRODUCE",0.02147754161020891,0.851985559566787,2.801677886770673
"GROCERY, MEAT, PASTRY",DELI,0.012028030011931968,0.36127562642369027,2.8010969658600096
"DRUG GM, PRODUCE","GROCERY, MEAT, MEAT-PCKGD",0.04276801423746638,0.25996496511878053,2.7977990271473154
"GROCERY, MEAT, MEAT-PCKGD","DRUG GM, PRODUCE",0.04276801423746638,0.46027859397105236,2.7977990271473154
"MEAT-PCKGD, PASTRY","DRUG GM, PRODUCE",0.01651262968430845,0.4602593010146561,2.797681755096555
"DELI, DRUG GM, PRODUCE","GROCERY, MEAT",0.022817360001617895,0.5151826484018265,2.797291724877164
"DELI, DRUG GM","GROCERY, MEAT, MEAT-PCKGD",0.01662385989038769,0.25990040313018736,2.7971041971005275
"GROCERY, MEAT-PCKGD, NUTRITION",MEAT,0.010829777337351102,0.5367075920821849,2.7965521015503882
"MEAT, PASTRY, PRODUCE",MEAT-PCKGD,0.015723906404837503,0.5895734597156399,2.7921977695624594
"DELI, DRUG GM","MEAT, PRODUCE",0.02287803102311566,0.35767923484309544,2.791046691961422
"DELI, PASTRY","MEAT-PCKGD, PRODUCE",0.010349465083827128,0.3537849982716903,2.7901601833470666
"DELI, MEAT",MEAT-PCKGD,0.025208809432321476,0.588526912181303,2.7872413597326715
"DRUG GM, NUTRITION","GROCERY, MEAT, PRODUCE",0.011608388779905757,0.3498933252057299,2.782322237196595
"MEAT-PCKGD, NUTRITION",MEAT,0.01085505692964184,0.533416149068323,2.77940180963475
"DELI, PASTRY","MEAT, PRODUCE",0.010405080186866747,0.35568613895610096,2.7754941433640785
"DRUG GM, PRODUCE","MEAT, MEAT-PCKGD",0.04286913260662932,0.2605796121577184,2.775418434542316
"MEAT, MEAT-PCKGD","DRUG GM, PRODUCE",0.04286913260662932,0.456596661281637,2.775418434542316
"GROCERY, PASTRY, PRODUCE",DELI,0.020243897506421017,0.35762772418720973,2.7728134971203384
"MEAT, PASTRY",DELI,0.012088701033429733,0.35723890632003585,2.769798855477352
"DELI, DRUG GM","MEAT, MEAT-PCKGD",0.016628915808845835,0.25997944826495933,2.7690261235018725
"MEAT, NUTRITION","GROCERY, MEAT-PCKGD",0.010829777337351102,0.5663670015864621,2.7673755900536863
"DELI, GROCERY, PASTRY","DRUG GM, PRODUCE",0.01263474022690962,0.4551912568306011,2.76687569704081
"GROCERY, MEAT-PCKGD, PASTRY",MEAT,0.018828240338139828,0.530938123752495,2.766489887003306
"DELI, GROCERY, MEAT, PRODUCE",PASTRY,0.010379800594576011,0.29616272360069246,2.7517937133242714
"MEAT-PCKGD, PASTRY",MEAT,0.018934414625760915,0.5277621195039459,2.749941096774058
"DELI, PASTRY, PRODUCE","GROCERY, MEAT",0.010379800594576011,0.5060389450332758,2.747644078849248
"DRUG GM, GROCERY, MEAT-PCKGD, NUTRITION",PRODUCE,0.011851072865896818,0.8851963746223565,2.745769094533069
"DRUG GM, MEAT, PRODUCE","DELI, GROCERY",0.022817360001617895,0.3153959046753792,2.7436128422366144
"MEAT, NUTRITION, PRODUCE",MEAT-PCKGD,0.010010718547131273,0.5791167007897047,2.742674951890288
"DELI, MEAT, PRODUCE",PASTRY,0.010405080186866747,0.29509607112130776,2.7418829198544286
SEAFOOD-PCKGD,"GROCERY, MEAT",0.01558739660646753,0.5048305223514,2.741082695660875
"DRUG GM, MEAT-PCKGD, NUTRITION",PRODUCE,0.011886464295103849,0.8835024426907178,2.7405147282935776
"DRUG GM, NUTRITION","MEAT, PRODUCE",0.01163872429065464,0.35080768058518746,2.737426501265754
"PASTRY, PRODUCE",DELI,0.020511861184702815,0.3520479000347102,2.7295511584502257
"DELI, GROCERY, NUTRITION",PRODUCE,0.012700467166865534,0.879859894921191,2.7292159980031445
"GROCERY, SEAFOOD-PCKGD",MEAT,0.01558739660646753,0.5236962799388483,2.728755757963722
"DELI, GROCERY, MEAT-PCKGD, PRODUCE",PASTRY,0.010334297328452686,0.29363597184312595,2.7283164184200777
"DELI, MEAT-PCKGD, PRODUCE",PASTRY,0.010349465083827128,0.2932664756446991,2.724883247278327
"MEAT, MEAT-PCKGD, PASTRY","GROCERY, PRODUCE",0.01567840313871418,0.8280373831775701,2.7229264625654688
"GROCERY, MEAT-PCKGD, PASTRY",DELI,0.012452727162416324,0.3511548331907613,2.722626897182842
"MEAT, PASTRY","GROCERY, MEAT-PCKGD",0.018828240338139828,0.5564022112655014,2.71868575216238
"DELI, MEAT-PCKGD, PASTRY","GROCERY, PRODUCE",0.010334297328452686,0.826192400970089,2.7168594045101497
"DELI, DRUG GM, MEAT, MEAT-PCKGD",PRODUCE,0.014535765567172933,0.8741258741258742,2.71142977842683
"DELI, DRUG GM, GROCERY, MEAT, MEAT-PCKGD",PRODUCE,0.014530709648714786,0.8740875912408759,2.7113110296774097
"DELI, PASTRY","DRUG GM, GROCERY, PRODUCE",0.01263474022690962,0.43190459730383685,2.7101153672640867
"DELI, DRUG GM, GROCERY, PRODUCE",MEAT,0.022817360001617895,0.5201106373170451,2.7100725186033277
"GROCERY, MEAT, NUTRITION",MEAT-PCKGD,0.010829777337351102,0.5718099305926321,2.708070362571068
"MEAT-PCKGD, PASTRY",DELI,0.012508342265455942,0.34864712514092444,2.703183754895067
NUTRITION,"DRUG GM, GROCERY, MEAT-PCKGD, PRODUCE",0.011851072865896818,0.2,2.698703779506072
NUTRITION,"DRUG GM, MEAT-PCKGD, PRODUCE",0.011886464295103849,0.2005972696245734,2.6948130655780154
"DELI, DRUG GM, PRODUCE",MEAT,0.02287803102311566,0.5165525114155252,2.6915326570208356
"GROCERY, MEAT-PCKGD, NUTRITION",PRODUCE,0.017503589702105284,0.8674517664745678,2.690727526307506
"DELI, MEAT","GROCERY, PRODUCE",0.03504762675187575,0.8182247403210576,2.690658469061156
"MEAT, NUTRITION",MEAT-PCKGD,0.01085505692964184,0.5676890534108937,2.6885540429574943
"DELI, GROCERY","DRUG GM, MEAT-PCKGD, PRODUCE",0.02299937306611119,0.20007036988169064,2.6877347224179737
"DRUG GM, MEAT-PCKGD, PRODUCE","DELI, GROCERY",0.02299937306611119,0.3089723561774095,2.6877347224179737
"GROCERY, SEAFOOD-PCKGD",MEAT-PCKGD,0.01686654397637875,0.5666723288602005,2.6837388736585335
"DRUG GM, PASTRY","DELI, GROCERY",0.016386231722854774,0.3084610259826782,2.683286687208601
"DELI, NUTRITION",PRODUCE,0.012836976965235504,0.8647820163487738,2.682446293356616
"DELI, DRUG GM, MEAT-PCKGD","GROCERY, PRODUCE",0.02299937306611119,0.8149408814045145,2.6798597943577587
"MEAT-PCKGD, NUTRITION",PRODUCE,0.01757942847897749,0.8638509316770185,2.6795581844698284
"GROCERY, MEAT, PASTRY",MEAT-PCKGD,0.018828240338139828,0.5655277145026576,2.67831802303598
"DRUG GM, MEAT, PASTRY","GROCERY, PRODUCE",0.01604242926770077,0.8144250513347022,2.6781635335658986
NUTRITION,"DRUG GM, GROCERY, PRODUCE",0.02528970412765183,0.42679180887372015,2.6780336376864744
"DELI, GROCERY, MEAT, PASTRY",PRODUCE,0.010379800594576011,0.8629676334594368,2.676818303222431
"DELI, DRUG GM, GROCERY, PRODUCE",PASTRY,0.01263474022690962,0.2880027659329261,2.6759755281787756
"DRUG GM, MEAT","GROCERY, MEAT-PCKGD",0.053800028313143365,0.5472920845548527,2.6741719612622643
"GROCERY, MEAT-PCKGD","DRUG GM, MEAT",0.053800028313143365,0.26287704735788925,2.6741719612622643
"DRUG GM, MEAT, MEAT-PCKGD","DELI, GROCERY",0.01662385989038769,0.3072322930293403,2.672598002097337
"DELI, GROCERY, PASTRY, PRODUCE",MEAT,0.010379800594576011,0.5127372627372627,2.6716530393919156
"MEAT, MEAT-PCKGD, PRODUCE","DELI, GROCERY",0.02147754161020891,0.3070695388174064,2.67118221153262
"DELI, MEAT, PASTRY",PRODUCE,0.010405080186866747,0.8607277289836889,2.6698703980337783
SEAFOOD-PCKGD,"GROCERY, MEAT-PCKGD",0.01686654397637875,0.5462583920091698,2.6691211452533334
"DELI, DRUG GM, PRODUCE",PASTRY,0.012720690840698122,0.28721461187214614,2.6686524006655725
"DELI, DRUG GM","GROCERY, PASTRY",0.016386231722854774,0.2561852817959055,2.668125665623114
"DELI, DRUG GM, GROCERY, MEAT",PRODUCE,0.022817360001617895,0.8592916984006093,2.6654160097117447
"MEAT, SEAFOOD-PCKGD","GROCERY, PRODUCE",0.012781361862195887,0.8102564102564104,2.6644553322991156
"GROCERY, SEAFOOD-PCKGD","DRUG GM, PRODUCE",0.013044269622019536,0.43825377951418376,2.6639214033175995
"DELI, DRUG GM, MEAT",PRODUCE,0.02287803102311566,0.8583080424886191,2.6623648313741137
SEAFOOD-PCKGD,MEAT,0.015774465589418973,0.5108891436056984,2.6620232865851015
"GROCERY, NUTRITION, PRODUCE","DRUG GM, MEAT-PCKGD",0.011851072865896818,0.29395535490343616,2.661882690945922
"DRUG GM, GROCERY, MEAT, MEAT-PCKGD, PASTRY",PRODUCE,0.010035998139422008,0.8559724018973696,2.65511996465838
"MEAT, PRODUCE","GROCERY, MEAT-PCKGD",0.06962505308714381,0.543299009744743,2.6546610474417163
"GROCERY, MEAT-PCKGD","MEAT, PRODUCE",0.06962505308714381,0.3402010919242076,2.654661047441716
"DRUG GM, MEAT, MEAT-PCKGD, PASTRY",PRODUCE,0.010056221813254596,0.8551160791057609,2.6524637578284023
SEAFOOD-PCKGD,"DRUG GM, GROCERY, PRODUCE",0.013044269622019536,0.4224660225970198,2.6508901899501716
"DELI, GROCERY, MEAT, MEAT-PCKGD",PRODUCE,0.02147754161020891,0.8545564272782137,2.65072778744281
"NUTRITION, PRODUCE","DELI, GROCERY",0.012700467166865534,0.3047064531780689,2.6506258504281077
"MEAT, PASTRY",MEAT-PCKGD,0.018934414625760915,0.5595398177200059,2.649959568690097
"DELI, MEAT, MEAT-PCKGD",PRODUCE,0.02151293303941594,0.8533894905736061,2.6471080948744183
"DRUG GM, MEAT-PCKGD","GROCERY, MEAT",0.053800028313143365,0.48718066111161984,2.6452490899592354
"GROCERY, MEAT","DRUG GM, MEAT-PCKGD",0.053800028313143365,0.2921184835424273,2.6452490899592354
"DRUG GM, GROCERY, MEAT",MEAT-PCKGD,0.053800028313143365,0.5581139200671352,2.643206570941708
MEAT-PCKGD,"DRUG GM, GROCERY, MEAT",0.053800028313143365,0.2547949141584656,2.6432065709417074
"DELI, PASTRY","DRUG GM, PRODUCE",0.012720690840698122,0.4348427238161079,2.643187333911317
"DELI, PASTRY, PRODUCE",MEAT,0.010405080186866747,0.5072713827951688,2.6431726931766075
"DELI, GROCERY, MEAT",PASTRY,0.012028030011931968,0.2840597014925373,2.6393385746608713
"DRUG GM, GROCERY, MEAT, MEAT-PCKGD, PRODUCE",DELI,0.014530709648714786,0.33975647239626433,2.6342513979738267
"GROCERY, PASTRY, PRODUCE","DRUG GM, MEAT-PCKGD",0.01646207049972698,0.2908181493390497,2.6334740464001447
NUTRITION,"DRUG GM, PRODUCE",0.025663842093554715,0.4331058020477816,2.6326294715703193
"DRUG GM, MEAT, MEAT-PCKGD, PRODUCE",DELI,0.014535765567172933,0.33907300389196837,2.6289522263341683
"DRUG GM, PASTRY, PRODUCE","GROCERY, MEAT",0.01604242926770077,0.4830998781973204,2.62309162733389
"DELI, MEAT",PASTRY,0.012088701033429733,0.28222379603399433,2.6222802729352033
MEAT-PCKGD,"GROCERY, MEAT, PRODUCE",0.06962505308714381,0.3297416373344827,2.6220777133885202
"GROCERY, MEAT, PRODUCE",MEAT-PCKGD,0.06962505308714381,0.5536525549792948,2.62207771338852
"NUTRITION, PRODUCE","DRUG GM, GROCERY, MEAT-PCKGD",0.011851072865896818,0.2843279961183891,2.6161455943554124
"DRUG GM, GROCERY, PASTRY","MEAT-PCKGD, PRODUCE",0.01646207049972698,0.3307262569832402,2.608305152366566
"DRUG GM, MEAT",MEAT-PCKGD,0.05410843933909034,0.5504294604742067,2.606813258824136
MEAT-PCKGD,"DRUG GM, MEAT",0.05410843933909034,0.2562555371979982,2.6068132588241357
"PASTRY, PRODUCE","DRUG GM, GROCERY, MEAT-PCKGD",0.01646207049972698,0.2825407844498438,2.599701185093306
"DRUG GM, MEAT, MEAT-PCKGD","GROCERY, PRODUCE",0.04276801423746638,0.7904130069145954,2.5992020850852744
"MEAT-PCKGD, SEAFOOD-PCKGD","GROCERY, PRODUCE",0.013372904321799097,0.7897879964168408,2.5971467942755937
SEAFOOD-PCKGD,MEAT-PCKGD,0.01693227091633466,0.5483870967741935,2.597140701021818
"DELI, GROCERY, PRODUCE",PASTRY,0.020243897506421017,0.27883008356545963,2.5907476191217707
"GROCERY, NUTRITION","MEAT-PCKGD, PRODUCE",0.017503589702105284,0.32849416453173924,2.59070153572326
SEAFOOD-PCKGD,"DRUG GM, PRODUCE",0.013145387991182478,0.4257409530047486,2.5878623071668834
MEAT-PCKGD,"MEAT, PRODUCE",0.06994357595000708,0.33125014965399996,2.5848149524505994
"MEAT, PRODUCE",MEAT-PCKGD,0.06994357595000708,0.5457845109874936,2.5848149524505994
"GROCERY, MEAT, MEAT-PCKGD, PASTRY",PRODUCE,0.01567840313871418,0.8327067669172932,2.5829528576475376
"NUTRITION, PRODUCE","DRUG GM, MEAT-PCKGD",0.011886464295103849,0.28517709849587575,2.5823920866817267
"DRUG GM, GROCERY, MEAT-PCKGD",MEAT,0.053800028313143365,0.49502232973576477,2.579348153370148
MEAT,"DRUG GM, GROCERY, MEAT-PCKGD",0.053800028313143365,0.28032877578439896,2.579348153370148
"MEAT, MEAT-PCKGD, PASTRY",PRODUCE,0.015723906404837503,0.8304405874499333,2.575923450701766
"DELI, GROCERY, MEAT-PCKGD, PASTRY",PRODUCE,0.010334297328452686,0.829882257409663,2.574191580335964
"DELI, PRODUCE",PASTRY,0.020511861184702815,0.276947231892962,2.5732531170031083
"DELI, PRODUCE","GROCERY, MEAT",0.03504762675187575,0.4732063622090245,2.5693727171767793
"DELI, GROCERY, MEAT",PRODUCE,0.03504762675187575,0.8277014925373134,2.5674271188440208
"DELI, MEAT-PCKGD, PASTRY",PRODUCE,0.010349465083827128,0.8274050121261116,2.566507473470914
"PASTRY, PRODUCE","DRUG GM, MEAT-PCKGD",0.01651262968430845,0.28340853870183963,2.566377074112236
"MEAT, PASTRY","GROCERY, PRODUCE",0.0263918943515279,0.7799193186911699,2.5646945351437167
"DRUG GM, GROCERY, PASTRY, PRODUCE",MEAT,0.01604242926770077,0.490948475939966,2.55812105585537
"NUTRITION, PRODUCE","MEAT, MEAT-PCKGD",0.010010718547131273,0.24017467248908297,2.5580865978605676
"DELI, MEAT",PRODUCE,0.03525997532711792,0.8231822474032104,2.5534089823315065
"DRUG GM, MEAT-PCKGD",MEAT,0.05410843933909034,0.4899734456551598,2.553040592988297
MEAT,"DRUG GM, MEAT-PCKGD",0.05410843933909034,0.28193577280750287,2.553040592988297
"DRUG GM, GROCERY, PASTRY",DELI,0.016386231722854774,0.32920264093448454,2.5524238316405263
"DELI, GROCERY, MEAT-PCKGD",PASTRY,0.012452727162416324,0.27470443899174657,2.5524142236717045
"DRUG GM, MEAT-PCKGD, PASTRY","GROCERY, PRODUCE",0.01646207049972698,0.7759771210676835,2.551730972812193
"DRUG GM, GROCERY, MEAT, PASTRY",PRODUCE,0.01604242926770077,0.8220207253886012,2.5498060854582625
"GROCERY, MEAT, SEAFOOD-PCKGD",PRODUCE,0.012781361862195887,0.8199805384365878,2.54347767919666
"DRUG GM, MEAT, PASTRY",PRODUCE,0.01614860355532186,0.8198151950718685,2.5429648046370166
"DELI, MEAT-PCKGD",PASTRY,0.012508342265455942,0.2736725663716814,2.5428265870024958
"DELI, DRUG GM, PRODUCE","GROCERY, MEAT-PCKGD",0.02299937306611119,0.5192922374429224,2.537359447104937
"DELI, DRUG GM, GROCERY, MEAT-PCKGD",PRODUCE,0.02299937306611119,0.8175772825305535,2.536023078181311
"DRUG GM, PASTRY, PRODUCE",MEAT,0.01614860355532186,0.48629719853836784,2.533885252628012
"DELI, MEAT-PCKGD","GROCERY, PRODUCE",0.035194248387162015,0.7700221238938053,2.532148500186343
"MEAT, SEAFOOD-PCKGD",PRODUCE,0.012867312475984388,0.8157051282051283,2.5302158882353036
"DELI, DRUG GM, MEAT-PCKGD",PRODUCE,0.02301959673994378,0.8156574704407024,2.5300680597755103
 ,"DRUG GM, GROCERY, PRODUCE",0.010061277731712743,0.4026709834075273,2.526680259706482
"DELI, GROCERY, PRODUCE",MEAT,0.03504762675187575,0.4827298050139276,2.5152971014540615
"DRUG GM, GROCERY, PASTRY","MEAT, PRODUCE",0.01604242926770077,0.32229558151345866,2.514940564026668
"GROCERY, NUTRITION","MEAT, PRODUCE",0.017169899083867575,0.3222317107884998,2.51444216725592
"DRUG GM, GROCERY, PASTRY","MEAT, MEAT-PCKGD",0.011724674904443141,0.2355510411376333,2.508840566749069
"DRUG GM, NUTRITION","GROCERY, PRODUCE",0.02528970412765183,0.7622676013410545,2.506648450197757
"DRUG GM, SEAFOOD-PCKGD","GROCERY, PRODUCE",0.013044269622019536,0.7621861152141801,2.5063804903982287
"DRUG GM, GROCERY, NUTRITION",PRODUCE,0.02528970412765183,0.8028892455858747,2.4904626137936607
"DELI, DRUG GM, PASTRY","GROCERY, PRODUCE",0.01263474022690962,0.7556697913516782,2.4849521454414307
"DELI, DRUG GM, GROCERY, PRODUCE",MEAT-PCKGD,0.02299937306611119,0.5242595367062349,2.482873482413926
"DELI, PRODUCE",MEAT,0.03525997532711792,0.4760734521127722,2.4806137133876285
"DELI, DRUG GM, GROCERY",PASTRY,0.016386231722854774,0.266727018352399,2.4782920799494663
"DRUG GM, GROCERY, MEAT, PRODUCE",DELI,0.022817360001617895,0.318399887117257,2.468666282757664
"DRUG GM, PASTRY","GROCERY, MEAT-PCKGD, PRODUCE",0.01646207049972698,0.3098886456647949,2.4666876790384924
"DRUG GM, GROCERY, MEAT, MEAT-PCKGD",PRODUCE,0.04276801423746638,0.7949440842026125,2.465817711032343
 ,"DRUG GM, PRODUCE",0.010121948753210508,0.4050991501416431,2.46239130607011
"DELI, PASTRY, PRODUCE","GROCERY, MEAT-PCKGD",0.010334297328452686,0.5038205570618683,2.4617619096359302
"DELI, DRUG GM, PRODUCE",MEAT-PCKGD,0.02301959673994378,0.5197488584474886,2.4615110795348007
"PASTRY, PRODUCE","GROCERY, MEAT",0.0263918943515279,0.4529677195418258,2.459482782352064
"GROCERY, MEAT-PCKGD, SEAFOOD-PCKGD",PRODUCE,0.013372904321799097,0.7928657074340527,2.4593708447080864
"GROCERY, MEAT, PASTRY",PRODUCE,0.0263918943515279,0.7927107061503418,2.458890049997864
"DRUG GM, MEAT, MEAT-PCKGD",PRODUCE,0.04286913260662932,0.7922818164829004,2.4575596875748054
"DRUG GM, NUTRITION, PRODUCE","GROCERY, MEAT",0.011608388779905757,0.4523246650906225,2.455991183982871
"MEAT-PCKGD, SEAFOOD-PCKGD",PRODUCE,0.013398183914089834,0.791280979396835,2.454455215371388
"DRUG GM, MEAT, PRODUCE",DELI,0.02287803102311566,0.31623453770354326,2.4518775673582285
"DRUG GM, PASTRY","MEAT-PCKGD, PRODUCE",0.01651262968430845,0.31084039211953934,2.451473323359761
"MEAT, PASTRY",PRODUCE,0.026669969866725988,0.7881368594053488,2.444702546077177
"GROCERY, NUTRITION, PRODUCE",DELI,0.012700467166865534,0.31502382743917734,2.442490504960408
"DRUG GM, PASTRY",DELI,0.016719922341092482,0.3147425525839916,2.4403096821043717
"MEAT, MEAT-PCKGD","GROCERY, PRODUCE",0.06962505308714381,0.7415724286483575,2.4385942360799597
"GROCERY, PRODUCE","MEAT, MEAT-PCKGD",0.06962505308714381,0.2289557251400735,2.4385942360799597
"DRUG GM, MEAT, MEAT-PCKGD, PRODUCE","GROCERY, PASTRY",0.010035998139422008,0.23410779573062862,2.438192443892874
"GROCERY, PASTRY, PRODUCE",MEAT,0.0263918943515279,0.46623794212218655,2.429365106996049
"DELI, DRUG GM",PASTRY,0.016719922341092482,0.2614022606908545,2.4288171342849028
"DRUG GM, GROCERY, MEAT-PCKGD, PASTRY",PRODUCE,0.01646207049972698,0.781377489800816,2.42373582197986
"DRUG GM, PASTRY, PRODUCE","GROCERY, MEAT-PCKGD",0.01646207049972698,0.4957369062119367,2.4222636726659883
"DELI, GROCERY, PASTRY, PRODUCE",MEAT-PCKGD,0.010334297328452686,0.5104895104895104,2.417659155249845
"DRUG GM, GROCERY, SEAFOOD-PCKGD",PRODUCE,0.013044269622019536,0.7787503773015393,2.415586845645142
"MEAT-PCKGD, PRODUCE","DELI, GROCERY",0.035194248387162015,0.2775629012321066,2.4145054804457886
"DELI, GROCERY","MEAT-PCKGD, PRODUCE",0.035194248387162015,0.30615296653032503,2.4145054804457886
"DRUG GM, MEAT-PCKGD, PASTRY",PRODUCE,0.01651262968430845,0.7783603431839847,2.414377008306787
"MEAT-PCKGD, PASTRY","GROCERY, PRODUCE",0.026331223330030133,0.733934611048478,2.413477959832683
"DELI, GROCERY, MEAT-PCKGD",PRODUCE,0.035194248387162015,0.7763774258309168,2.4082262452205847
"DRUG GM, GROCERY, MEAT-PCKGD, PRODUCE",DELI,0.02299937306611119,0.3103424750989221,2.406194334177405
"GROCERY, NUTRITION","DRUG GM, MEAT",0.012594292879244443,0.23636018597589903,2.404423621035906
"DRUG GM, PASTRY","GROCERY, MEAT, PRODUCE",0.01604242926770077,0.30198915009041594,2.401392273472568
"DRUG GM, NUTRITION",PRODUCE,0.025663842093554715,0.7735446510210302,2.399439329969066
"DRUG GM, MEAT-PCKGD, PRODUCE",DELI,0.02301959673994378,0.30924403993751276,2.397677780131743
"DRUG GM, MEAT","GROCERY, PRODUCE",0.07166258822577709,0.7290027259167824,2.397259899140914
"GROCERY, PRODUCE","DRUG GM, MEAT",0.07166258822577709,0.23565597619166376,2.397259899140914
"DRUG GM, GROCERY, MEAT, MEAT-PCKGD",DELI,0.01662385989038769,0.30899351564702565,2.3957353772165386
"DELI, MEAT-PCKGD",PRODUCE,0.03529031083786681,0.7721238938053098,2.3950323177335893
"DRUG GM, GROCERY, NUTRITION, PRODUCE",MEAT,0.011608388779905757,0.4590163934426229,2.391736727159027
"DELI, DRUG GM, GROCERY, PASTRY",PRODUCE,0.01263474022690962,0.7710583153347732,2.3917270258050642
"GROCERY, MEAT, MEAT-PCKGD, PRODUCE",DELI,0.02147754161020891,0.3084743301140077,2.3917099492194964
"DELI, PASTRY, PRODUCE",MEAT-PCKGD,0.010349465083827128,0.5045600197190041,2.3895773095846176
MEAT-PCKGD,"GROCERY, MEAT",0.09291766942382754,0.44005459377918255,2.389368270634336
"GROCERY, MEAT",MEAT-PCKGD,0.09291766942382754,0.5045158810772229,2.3893682706343355
"NUTRITION, PRODUCE",DELI,0.012836976965235504,0.30798156234837454,2.3878893474621834
"DRUG GM, GROCERY, PASTRY, PRODUCE",MEAT-PCKGD,0.01646207049972698,0.5037908092217237,2.385934357549656
"PASTRY, PRODUCE",MEAT,0.026669969866725988,0.4577403679278028,2.385087907787462
"MEAT, MEAT-PCKGD, PRODUCE",DELI,0.02151293303941594,0.3075755385282637,2.384741302016002
"DRUG GM, MEAT, MEAT-PCKGD",DELI,0.016628915808845835,0.30732573350775555,2.382804475853859
"DRUG GM, SEAFOOD-PCKGD",PRODUCE,0.013145387991182478,0.7680945347119645,2.3825337468102696
"MEAT, PRODUCE","DELI, GROCERY",0.03504762675187575,0.2734840415039255,2.379023688304456
"DELI, GROCERY","MEAT, PRODUCE",0.03504762675187575,0.30487751242468225,2.379023688304456
"DRUG GM, PASTRY","GROCERY, MEAT, MEAT-PCKGD",0.011724674904443141,0.22071000285523937,2.3753286562592275
"DRUG GM, PASTRY","MEAT, PRODUCE",0.01614860355532186,0.30398781764537924,2.372081211837467
"GROCERY, MEAT-PCKGD",MEAT,0.09291766942382754,0.4540131920254947,2.3656671994609595
MEAT,"GROCERY, MEAT-PCKGD",0.09291766942382754,0.4841539555836561,2.3656671994609595
"GROCERY, MEAT","DRUG GM, PRODUCE",0.07166258822577709,0.38910698108545855,2.3651830595571677
"DRUG GM, PRODUCE","GROCERY, MEAT",0.07166258822577709,0.43560035649528256,2.3651830595571677
"DRUG GM, NUTRITION, PRODUCE",MEAT,0.01163872429065464,0.45350669818754924,2.3630280782191044
"DELI, DRUG GM, PASTRY",PRODUCE,0.012720690840698122,0.7608104021772,2.359939273348975
"DRUG GM, PASTRY","MEAT, MEAT-PCKGD",0.011760066333650171,0.2213762253735605,2.3578654207962186
"DRUG GM, PASTRY, PRODUCE",MEAT-PCKGD,0.01651262968430845,0.4972594397076736,2.3550020367526603
NUTRITION,"GROCERY, MEAT-PCKGD, PRODUCE",0.017503589702105284,0.2953924914675768,2.351299505086489
"DELI, GROCERY","DRUG GM, MEAT",0.026553683742188607,0.230989136649514,2.349785493989306
"DRUG GM, MEAT","DELI, GROCERY",0.026553683742188607,0.27012292341716815,2.349785493989306
"GROCERY, NUTRITION",PRODUCE,0.04031589378526503,0.7566182749786508,2.346935816000837
"DRUG GM, GROCERY, PRODUCE",MEAT,0.07166258822577709,0.4496684749849307,2.343028750238928
MEAT,"DRUG GM, GROCERY, PRODUCE",0.07166258822577709,0.37340288205695615,2.3430287502389278
NUTRITION,"MEAT-PCKGD, PRODUCE",0.01757942847897749,0.29667235494880545,2.3397357047974134
"MEAT, MEAT-PCKGD, PRODUCE","GROCERY, PASTRY",0.01567840313871418,0.22415787190978748,2.3345656979249667
"DELI, GROCERY","MEAT, MEAT-PCKGD",0.02513297065544927,0.21863042617759598,2.3286200717724475
"MEAT, MEAT-PCKGD","DELI, GROCERY",0.02513297065544927,0.2676898222940226,2.3286200717724475
PRODUCE,"GROCERY, MEAT, MEAT-PCKGD",0.06962505308714381,0.21596825795119504,2.324296974842255
"GROCERY, MEAT, MEAT-PCKGD",PRODUCE,0.06962505308714381,0.7493198389378605,2.324296974842255
"DELI, PRODUCE","GROCERY, MEAT-PCKGD",0.035194248387162015,0.475186019523517,2.3218481787968424
"DELI, GROCERY","DRUG GM, PRODUCE",0.043870204461342446,0.38162466464353256,2.319701870694091
"DRUG GM, PRODUCE","DELI, GROCERY",0.043870204461342446,0.2666646178432035,2.3197018706940904
MEAT-PCKGD,MEAT,0.09388840576779178,0.4446519646577114,2.316889875542544
MEAT,MEAT-PCKGD,0.09388840576779178,0.48921204457440925,2.3168898755425436
PRODUCE,"MEAT, MEAT-PCKGD",0.06994357595000708,0.21695627626874098,2.310788797557444
"MEAT, MEAT-PCKGD",PRODUCE,0.06994357595000708,0.7449649973074852,2.310788797557444
"DRUG GM, MEAT, PRODUCE","GROCERY, PASTRY",0.01604242926770077,0.22174854986372217,2.309473023034378
"DRUG GM, GROCERY, MEAT",PRODUCE,0.07166258822577709,0.7434176020140564,2.305988969750269
PRODUCE,"DRUG GM, GROCERY, MEAT",0.07166258822577709,0.22228843861740163,2.305988969750269
NUTRITION,"GROCERY, MEAT, PRODUCE",0.017169899083867575,0.28976109215017065,2.304155787166725
"DRUG GM, MEAT-PCKGD, PRODUCE","GROCERY, PASTRY",0.01646207049972698,0.22115058072403723,2.3032452772495327
"GROCERY, MEAT-PCKGD, PASTRY",PRODUCE,0.026331223330030133,0.7425149700598802,2.3031891176557866
"DELI, GROCERY, PRODUCE",MEAT-PCKGD,0.035194248387162015,0.48474930362116997,2.295754501942484
MEAT,"DRUG GM, PRODUCE",0.07234513721762695,0.3769593508785795,2.2913438056354676
"DRUG GM, PRODUCE",MEAT,0.07234513721762695,0.4397492240081133,2.2913438056354676
"MEAT-PCKGD, PASTRY",PRODUCE,0.026462677209941957,0.7375986471251409,2.287939295175763
"DRUG GM, MEAT",PRODUCE,0.07234513721762695,0.7359460988530576,2.2828132959028378
PRODUCE,"DRUG GM, MEAT",0.07234513721762695,0.22440562072642867,2.2828132959028378
SEAFOOD-PCKGD,"GROCERY, PRODUCE",0.02140675875179485,0.6933027673161944,2.2798637960652313
NUTRITION,"MEAT, PRODUCE",0.01728618520840496,0.2917235494880546,2.276380534427875
"DELI, PASTRY","GROCERY, PRODUCE",0.020243897506421017,0.6920152091254753,2.275629776755441
"GROCERY, NUTRITION","DRUG GM, MEAT-PCKGD",0.01338807207717354,0.2512572350317867,2.275234227747781
"DELI, GROCERY, PASTRY",PRODUCE,0.020243897506421017,0.7293260473588342,2.262278719261795
"DELI, GROCERY, PASTRY",MEAT,0.012028030011931968,0.43333333333333335,2.2579133626632246
"DRUG GM, MEAT, MEAT-PCKGD","GROCERY, PASTRY",0.011724674904443141,0.21668846944496356,2.2567731554199595
"DELI, PRODUCE",MEAT-PCKGD,0.03529031083786681,0.47648303638473616,2.256605770669353
"DRUG GM, NUTRITION, PRODUCE","GROCERY, MEAT-PCKGD",0.011851072865896818,0.46178092986603625,2.2563483919154024
"DELI, DRUG GM","GROCERY, PRODUCE",0.043870204461342446,0.6858746344162517,2.255437049095077
"DELI, DRUG GM","GROCERY, MEAT",0.026553683742188607,0.4151450478223066,2.2541166914288406
"DELI, DRUG GM, GROCERY",MEAT,0.026553683742188607,0.43222780018105506,2.2521529055615406
"DELI, GROCERY",PASTRY,0.027756992335227618,0.24145665655099618,2.2434927038055354
PASTRY,"DELI, GROCERY",0.027756992335227618,0.25790388500023487,2.243492703805535
"GROCERY, PASTRY",DELI,0.027756992335227618,0.2890843030909378,2.241372251656229
DELI,"GROCERY, PASTRY",0.027756992335227618,0.2152097216777734,2.241372251656229
NUTRITION,"GROCERY, PRODUCE",0.04031589378526503,0.6803754266211605,2.237353398848589
"NUTRITION, PRODUCE","GROCERY, MEAT",0.017169899083867575,0.4119359534206695,2.236692243532747
"DELI, PASTRY","GROCERY, MEAT",0.012028030011931968,0.4111648807466298,2.232505543501096
"GROCERY, SEAFOOD-PCKGD",PRODUCE,0.02140675875179485,0.7192118226600984,2.230905651783068
"DRUG GM, GROCERY, NUTRITION, PRODUCE",MEAT-PCKGD,0.011851072865896818,0.4686125549780088,2.2193314662258556
"GROCERY, NUTRITION, PRODUCE",MEAT,0.017169899083867575,0.4258841234010534,2.219098738092351
"DELI, GROCERY","DRUG GM, MEAT-PCKGD",0.028131130301130503,0.2447112635791881,2.2159578518817167
"DRUG GM, MEAT-PCKGD","DELI, GROCERY",0.028131130301130503,0.2547385770533834,2.2159578518817167
"DELI, DRUG GM, GROCERY",PRODUCE,0.043870204461342446,0.7140976051353798,2.2150419848898513
"PASTRY, PRODUCE","GROCERY, MEAT-PCKGD",0.026331223330030133,0.45192641443943077,2.2081973778785575
"DRUG GM, MEAT-PCKGD","GROCERY, PRODUCE",0.07410965275952029,0.6710923908067027,2.206826970470283
"GROCERY, PRODUCE","DRUG GM, MEAT-PCKGD",0.07410965275952029,0.2437029278268243,2.206826970470283
NUTRITION,"DRUG GM, GROCERY, MEAT",0.012594292879244443,0.21254266211604095,2.204887656278585
"GROCERY, PASTRY, PRODUCE",MEAT-PCKGD,0.026331223330030133,0.46516613076098606,2.203009330530707
MEAT-PCKGD,"DRUG GM, GROCERY, PRODUCE",0.07410965275952029,0.3509805330076862,2.2023329736532546
"DRUG GM, GROCERY, PRODUCE",MEAT-PCKGD,0.07410965275952029,0.4650233177881412,2.2023329736532546
"DRUG GM, PRODUCE","GROCERY, MEAT-PCKGD",0.07410965275952029,0.4504748148375795,2.201104589468494
"GROCERY, MEAT-PCKGD","DRUG GM, PRODUCE",0.07410965275952029,0.3621136885792633,2.201104589468494
"DRUG GM, NUTRITION, PRODUCE",MEAT-PCKGD,0.011886464295103849,0.46315996847911745,2.193508221285532
NUTRITION,PRODUCE,0.041680991768964754,0.7034129692832766,2.181899572934582
"DRUG GM, GROCERY, MEAT, MEAT-PCKGD, PRODUCE",PASTRY,0.010035998139422008,0.23466130748315403,2.1803537691773416
"DRUG GM, MEAT, MEAT-PCKGD, PRODUCE",PASTRY,0.010056221813254596,0.23457954947517395,2.179594115262635
SEAFOOD-PCKGD,PRODUCE,0.0216696665116185,0.7018175863762895,2.176950893516617
"DELI, PASTRY",PRODUCE,0.020511861184702815,0.7011752506049085,2.1749584478176343
DELI,"GROCERY, MEAT-PCKGD, PRODUCE",0.035194248387162015,0.2728733829870639,2.1720492866325416
"GROCERY, MEAT-PCKGD, PRODUCE",DELI,0.035194248387162015,0.2801432710882164,2.1720492866325416
"DELI, DRUG GM",MEAT,0.026654802111351548,0.4167259505177457,2.1713794436366576
NUTRITION,"DRUG GM, MEAT",0.012639796145367768,0.2133105802047782,2.1699466665402802
"DELI, DRUG GM, GROCERY",MEAT-PCKGD,0.028131130301130503,0.4579046992017118,2.1686194632978513
" , DRUG GM, GROCERY",PRODUCE,0.010061277731712743,0.6982456140350877,2.165871079429959
"GROCERY, NUTRITION","MEAT, MEAT-PCKGD",0.010829777337351102,0.2032450896669513,2.1647517390978437
"GROCERY, PASTRY","MEAT-PCKGD, PRODUCE",0.026331223330030133,0.2742351640250645,2.1627825918971832
"MEAT-PCKGD, PRODUCE","GROCERY, PASTRY",0.026331223330030133,0.207663782447466,2.162782591897183
"NUTRITION, PRODUCE",MEAT,0.01728618520840496,0.4147258612324114,2.160957839812329
DELI,"GROCERY, MEAT, PRODUCE",0.03504762675187575,0.27173657389259115,2.160826336874033
"GROCERY, MEAT, PRODUCE",DELI,0.03504762675187575,0.27869577453463595,2.160826336874033
"MEAT-PCKGD, PRODUCE",DELI,0.03529031083786681,0.2783205071972567,2.1579167572532736
DELI,"MEAT-PCKGD, PRODUCE",0.03529031083786681,0.27361818894551154,2.157916757253273
MEAT,"GROCERY, PRODUCE",0.125755859809493,0.6552596222239786,2.1547623349533027
"GROCERY, PRODUCE",MEAT,0.125755859809493,0.41353683475485065,2.1547623349533023
"DELI, PASTRY",MEAT,0.012088701033429733,0.41323885240235053,2.153209677255884
"PASTRY, PRODUCE",MEAT-PCKGD,0.026462677209941957,0.45418257549461993,2.1509916251689267
"DELI, DRUG GM","GROCERY, MEAT-PCKGD",0.028131130301130503,0.43980712987115644,2.1489802762656263
"DELI, DRUG GM",PRODUCE,0.044289845693368655,0.692435380602324,2.1478484577280668
" , DRUG GM","GROCERY, PRODUCE",0.010061277731712743,0.6531014112241549,2.1476652521855315
"GROCERY, PASTRY","MEAT, PRODUCE",0.0263918943515279,0.27486704228318676,2.144845644814256
"MEAT, PRODUCE","GROCERY, PASTRY",0.0263918943515279,0.20594153154219436,2.144845644814256
MEAT-PCKGD,"DRUG GM, PRODUCE",0.07443828745929985,0.35253693460718816,2.142892382128723
"DRUG GM, PRODUCE",MEAT-PCKGD,0.07443828745929985,0.4524724177141276,2.142892382128723
"DRUG GM, GROCERY, MEAT",DELI,0.026553683742188607,0.2754641770691283,2.135770625407634
DELI,"DRUG GM, GROCERY, MEAT",0.026553683742188607,0.20588004704037632,2.135770625407634
DELI,"DRUG GM, GROCERY, PRODUCE",0.043870204461342446,0.340141121128969,2.1343178219554115
"DRUG GM, GROCERY, PRODUCE",DELI,0.043870204461342446,0.2752767995939215,2.134317821955411
"MEAT, PRODUCE",DELI,0.03525997532711792,0.2751410423324259,2.133265248171143
DELI,"MEAT, PRODUCE",0.03525997532711792,0.27338298706389647,2.133265248171143
" , PRODUCE","DRUG GM, GROCERY",0.010061277731712743,0.7241630276564774,2.131600394590579
"DELI, GROCERY, PASTRY",MEAT-PCKGD,0.012452727162416324,0.4486338797814207,2.1247132105980806
NUTRITION,"DELI, GROCERY",0.01443464719800999,0.24360068259385667,2.1190698776827954
"GROCERY, MEAT",PRODUCE,0.125755859809493,0.6828176901748703,2.118015577823023
PRODUCE,"GROCERY, MEAT",0.125755859809493,0.3900790414654037,2.118015577823023
PRODUCE,"DRUG GM, GROCERY, MEAT-PCKGD",0.07410965275952029,0.2298789285490245,2.115151354663866
"DRUG GM, GROCERY, MEAT-PCKGD",PRODUCE,0.07410965275952029,0.6818943059173799,2.1151513546638654
DELI,PASTRY,0.02925354419883916,0.226813014504116,2.1074314141372716
PASTRY,DELI,0.02925354419883916,0.2718090853572603,2.107431414137271
"DRUG GM, MEAT",DELI,0.026654802111351548,0.2711515712595793,2.102333476138364
DELI,"DRUG GM, MEAT",0.026654802111351548,0.2066640533124265,2.102333476138364
"GROCERY, NUTRITION",DELI,0.01443464719800999,0.2708985672264921,2.100371846906837
"GROCERY, MEAT, MEAT-PCKGD",DELI,0.02513297065544927,0.27048645119164216,2.0971765663775974
"GROCERY, MEAT, MEAT-PCKGD, PRODUCE",PASTRY,0.01567840313871418,0.22518335632851647,2.0922894574860065
"DRUG GM, MEAT-PCKGD",PRODUCE,0.07443828745929985,0.6740683087629338,2.0908760845242322
PRODUCE,"DRUG GM, MEAT-PCKGD",0.07443828745929985,0.23089831252744494,2.0908760845242322
"DELI, DRUG GM",MEAT-PCKGD,0.02822213683337715,0.44122994229705165,2.089648440654389
"MEAT, MEAT-PCKGD, PRODUCE",PASTRY,0.015723906404837503,0.22480844296660402,2.0888059528105734
"MEAT, MEAT-PCKGD","GROCERY, PASTRY",0.018828240338139828,0.20053850296176629,2.0885740310569125
DELI,"DRUG GM, PRODUCE",0.044289845693368655,0.34339474715797724,2.087321683238022
"DRUG GM, PRODUCE",DELI,0.044289845693368655,0.26921540305479574,2.087321683238022
"DRUG GM, GROCERY, NUTRITION",MEAT,0.012594292879244443,0.3998394863563402,2.0833913519178013
"MEAT, MEAT-PCKGD",DELI,0.025208809432321476,0.268497576736672,2.081756123386628
"DRUG GM, GROCERY, MEAT, PRODUCE",PASTRY,0.01604242926770077,0.22386058981233248,2.079998982374295
"DELI, PASTRY","GROCERY, MEAT-PCKGD",0.012452727162416324,0.4256826823366747,2.0799655716298875
NUTRITION,"DRUG GM, GROCERY, MEAT-PCKGD",0.01338807207717354,0.22593856655290104,2.0788954782920164
"DRUG GM, MEAT, PRODUCE",PASTRY,0.01614860355532186,0.2232161576630093,2.074011245917757
MEAT,PRODUCE,0.12815236515865472,0.6677467794199005,2.0712674864798832
PRODUCE,MEAT,0.12815236515865472,0.39751270309265413,2.071267486479883
"GROCERY, PASTRY","DRUG GM, PRODUCE",0.032676400995004753,0.34031909852035175,2.0686263824377926
"GROCERY, PASTRY","DRUG GM, MEAT",0.019515845248447832,0.20325417302932966,2.0676457529766528
"DRUG GM, GROCERY, MEAT-PCKGD, PRODUCE",PASTRY,0.01646207049972698,0.22213125938054307,2.063930921706152
"DRUG GM, NUTRITION","GROCERY, MEAT",0.012594292879244443,0.3796098750380981,2.0611710534503347
"DRUG GM, MEAT-PCKGD, PRODUCE",PASTRY,0.01651262968430845,0.22182979012429532,2.0611298223847476
"GROCERY, NUTRITION, PRODUCE",MEAT-PCKGD,0.017503589702105284,0.43416102332580886,2.056170305810528
NUTRITION,"DRUG GM, MEAT-PCKGD",0.013453799017129451,0.22704778156996588,2.0560079947422585
"NUTRITION, PRODUCE","GROCERY, MEAT-PCKGD",0.017503589702105284,0.4199417758369723,2.0519144237565916
"DRUG GM, GROCERY, PASTRY",MEAT,0.019515845248447832,0.3920771965464703,2.042945402948794
" , DRUG GM",PRODUCE,0.010121948753210508,0.6570397111913358,2.038055492081926
"DRUG GM, GROCERY, PASTRY",PRODUCE,0.032676400995004753,0.6564753682072119,2.0363049703119005
"DELI, PASTRY",MEAT-PCKGD,0.012508342265455942,0.4275838230210854,2.025020932109629
"DRUG GM, GROCERY, MEAT, MEAT-PCKGD",PASTRY,0.011724674904443141,0.21793064561601352,2.024900950584868
"DRUG GM, PASTRY","GROCERY, PRODUCE",0.032676400995004753,0.6151137337013419,2.0227461911869424
"DRUG GM, MEAT, MEAT-PCKGD",PASTRY,0.011760066333650171,0.2173425527938703,2.019436690562034
"DRUG GM, GROCERY, NUTRITION",MEAT-PCKGD,0.01338807207717354,0.4250401284109149,2.0129740899393727
"DRUG GM, GROCERY, MEAT-PCKGD",DELI,0.028131130301130503,0.25883885374023075,2.0068686477292337
DELI,"DRUG GM, GROCERY, MEAT-PCKGD",0.028131130301130503,0.21811054488435905,2.0068686477292337
"DRUG GM, GROCERY, PASTRY",MEAT-PCKGD,0.021068012215098995,0.42326053834433724,2.004546018199118
" , GROCERY",PRODUCE,0.013782433716909013,0.646124674093387,2.004198404108632
"NUTRITION, PRODUCE",MEAT-PCKGD,0.01757942847897749,0.42176128093158655,1.9974455913822435
"DRUG GM, PASTRY","GROCERY, MEAT",0.019515845248447832,0.36737413153136,1.9947345300827581
"DELI, MEAT, MEAT-PCKGD, PRODUCE","DRUG GM, GROCERY",0.014530709648714786,0.6754406580493537,1.9881843151809027
"GROCERY, PASTRY","DRUG GM, MEAT-PCKGD",0.021068012215098995,0.2194197251329577,1.9869329088269134
"DRUG GM, NUTRITION",MEAT,0.012639796145367768,0.38098140810728437,1.9851300283654354
"MEAT-PCKGD, NUTRITION, PRODUCE","DRUG GM, GROCERY",0.011851072865896818,0.6741443773367846,1.9843686654267934
"DRUG GM, MEAT-PCKGD",DELI,0.02822213683337715,0.25556267741049354,1.9814673006533396
DELI,"DRUG GM, MEAT-PCKGD",0.02822213683337715,0.2188161505292042,1.9814673006533394
"MEAT, NUTRITION, PRODUCE","DRUG GM, GROCERY",0.011608388779905757,0.6715413863702837,1.9767066661815889
"DRUG GM, NUTRITION","GROCERY, MEAT-PCKGD",0.01338807207717354,0.4035355074672356,1.9717503137658934
PRODUCE,"DELI, GROCERY",0.07260298905899246,0.2252054450787278,1.9590506474570706
"DELI, GROCERY",PRODUCE,0.07260298905899246,0.6315696881734617,1.9590506474570704
COSMETICS,"DRUG GM, GROCERY",0.012134204299553057,0.664819944598338,1.9569218561510862
MEAT-PCKGD,"GROCERY, PRODUCE",0.1256294618480393,0.5949764145296075,1.9565264282006087
"GROCERY, PRODUCE",MEAT-PCKGD,0.1256294618480393,0.4131211864265882,1.9565264282006087
"GROCERY, MEAT, PRODUCE",PASTRY,0.0263918943515279,0.2098661198890363,1.9499694705976753
PASTRY,"GROCERY, MEAT, PRODUCE",0.0263918943515279,0.24522008737727252,1.9499694705976751
"GROCERY, MEAT-PCKGD, PRODUCE",PASTRY,0.026331223330030133,0.2095943335479717,1.9474441698588916
PASTRY,"GROCERY, MEAT-PCKGD, PRODUCE",0.026331223330030133,0.24465636303847418,1.9474441698588916
NUTRITION,DELI,0.014844176593119906,0.2505119453924915,1.9423071993449668
"DELI, MEAT, MEAT-PCKGD","DRUG GM, GROCERY",0.01662385989038769,0.6594464500601684,1.941104778172167
PASTRY,"MEAT-PCKGD, PRODUCE",0.026462677209941957,0.24587776577253723,1.9391391816507275
"MEAT-PCKGD, PRODUCE",PASTRY,0.026462677209941957,0.2087005063997767,1.9391391816507273
"DRUG GM, PASTRY",PRODUCE,0.033207272433110196,0.6251070714761587,1.9390044139816587
"MEAT, NUTRITION","DRUG GM, GROCERY",0.012594292879244443,0.6586462189317821,1.9387492685370615
"DRUG GM, PASTRY","GROCERY, MEAT-PCKGD",0.021068012215098995,0.39659274769201486,1.9378266849603063
"MEAT-PCKGD, NUTRITION","DRUG GM, GROCERY",0.01338807207717354,0.6578881987577639,1.9365180083921276
"COSMETICS, GROCERY",DRUG GM,0.012134204299553057,0.8191126279863482,1.9338551430500839
"MEAT, PRODUCE",PASTRY,0.026669969866725988,0.20811141357951632,1.9336656301529278
PASTRY,"MEAT, PRODUCE",0.026669969866725988,0.24780382393009817,1.9336656301529276
"DRUG GM, PASTRY",MEAT,0.01969785831294113,0.3708004187684401,1.93208127788857
"DRUG GM, NUTRITION",MEAT-PCKGD,0.013453799017129451,0.40551661078939344,1.9205114434981334
MEAT,"DELI, GROCERY",0.042343317086982024,0.22063278800811403,1.9192733374917033
"DELI, GROCERY",MEAT,0.042343317086982024,0.36834234947442496,1.9192733374917033
"DELI, MEAT-PCKGD, PRODUCE","DRUG GM, GROCERY",0.02299937306611119,0.6517191977077363,1.9183593278598945
"GROCERY, NUTRITION",PASTRY,0.010930895706514045,0.20514280292247838,1.9060828066158293
PASTRY,"DRUG GM, GROCERY, PRODUCE",0.032676400995004753,0.30361253347113265,1.9051082062811582
"DRUG GM, GROCERY, PRODUCE",PASTRY,0.032676400995004753,0.20503791123378065,1.905108206281158
"DELI, MEAT, PRODUCE","DRUG GM, GROCERY",0.022817360001617895,0.6471178663607686,1.904815140514982
"GROCERY, MEAT-PCKGD",PRODUCE,0.1256294618480393,0.6138491563526767,1.9040837610043788
PRODUCE,"GROCERY, MEAT-PCKGD",0.1256294618480393,0.38968697070447267,1.9040837610043786
"DRUG GM, PASTRY",MEAT-PCKGD,0.021214633850385262,0.3993528124107738,1.891319925798006
"GROCERY, MEAT, MEAT-PCKGD",PASTRY,0.018828240338139828,0.2026335836326042,1.8827684145030075
"DRUG GM, GROCERY, MEAT",PASTRY,0.019515845248447832,0.202454631280814,1.8811056800756163
"MEAT, MEAT-PCKGD, PASTRY, PRODUCE","DRUG GM, GROCERY",0.010035998139422008,0.6382636655948554,1.878752476272811
PASTRY,"DRUG GM, PRODUCE",0.033207272433110196,0.30854512143561796,1.8754885669045762
"DRUG GM, PRODUCE",PASTRY,0.033207272433110196,0.20185008758720302,1.8754885669045762
"MEAT, MEAT-PCKGD",PASTRY,0.018934414625760915,0.2016693591814755,1.8738093302854173
MEAT-PCKGD,"DELI, GROCERY",0.04533136489574696,0.21468764217129996,1.8675568179521078
"DELI, GROCERY",MEAT-PCKGD,0.04533136489574696,0.39433522452390374,1.8675568179521076
MEAT-PCKGD,PRODUCE,0.1267973790118713,0.6005076263678375,1.8626999937902553
PRODUCE,MEAT-PCKGD,0.1267973790118713,0.39330970453547454,1.8626999937902553
"DRUG GM, MEAT",PASTRY,0.01969785831294113,0.20038059970169214,1.8618348312960158
"GROCERY, NUTRITION",MEAT,0.018939470544219062,0.3554416927602239,1.852053571686798
COSMETICS,DRUG GM,0.01431330515501446,0.7842105263157896,1.8514542539503842
"GROCERY, PRODUCE",DELI,0.07260298905899246,0.2387483997539362,1.851100293631185
DELI,"GROCERY, PRODUCE",0.07260298905899246,0.5629165033320266,1.851100293631185
"MEAT-PCKGD, PASTRY, PRODUCE","DRUG GM, GROCERY",0.01646207049972698,0.6220863584256783,1.8311339801217081
"GROCERY, PASTRY",PRODUCE,0.05660606305741501,0.5895424148280765,1.828687270936823
"DELI, MEAT","DRUG GM, GROCERY",0.026553683742188607,0.6199244570349386,1.824770344197792
"MEAT, MEAT-PCKGD, PASTRY","DRUG GM, GROCERY",0.011724674904443141,0.6192256341789052,1.8227133335264651
 ,"GROCERY, PRODUCE",0.013782433716909013,0.5515985430999596,1.8138821993225733
"DELI, PASTRY, PRODUCE","DRUG GM, GROCERY",0.01263474022690962,0.6159723933941336,1.81313730012559
"DELI, MEAT-PCKGD","DRUG GM, GROCERY",0.028131130301130503,0.6154867256637168,1.8117077193733846
"GROCERY, PASTRY",MEAT,0.0332932230468987,0.34674319414459476,1.8067294418575597
"MEAT, MEAT-PCKGD, PRODUCE","DRUG GM, GROCERY",0.04276801423746638,0.6114645077345671,1.7998681735840187
"GROCERY, NUTRITION",MEAT-PCKGD,0.020178170566465103,0.3786886801404307,1.7934553712045473
"NUTRITION, PRODUCE","DRUG GM, GROCERY",0.02528970412765183,0.6067442988840368,1.7859740659534464
DELI,"GROCERY, MEAT",0.042343317086982024,0.3283026264210114,1.7825876375918686
"GROCERY, MEAT",DELI,0.042343317086982024,0.2299118785516238,1.7825876375918683
DELI,PRODUCE,0.07406414949339697,0.5742453939631517,1.7812378141456595
PRODUCE,DELI,0.07406414949339697,0.22973778307508938,1.7812378141456595
"MEAT-PCKGD, SEAFOOD-PCKGD","DRUG GM, GROCERY",0.01022306712237345,0.6037623171095851,1.7771964933843887
"PRODUCE, SEAFOOD-PCKGD","DRUG GM, GROCERY",0.013044269622019536,0.6019598693420438,1.7718909223654518
"MEAT, PASTRY, PRODUCE","DRUG GM, GROCERY",0.01604242926770077,0.6015165876777252,1.7705861065512087
"GROCERY, PASTRY",MEAT-PCKGD,0.03546221206544381,0.3693328418724659,1.749146472434243
"DELI, PRODUCE","DRUG GM, GROCERY",0.043870204461342446,0.5923271213052085,1.7435365757167989
NUTRITION,"GROCERY, MEAT",0.018939470544219062,0.3196245733788396,1.735468337207399
MEAT,DELI,0.042833741177422294,0.22318817671698413,1.7304564130340594
DELI,MEAT,0.042833741177422294,0.3321050568404547,1.7304564130340594
PASTRY,"GROCERY, PRODUCE",0.05660606305741501,0.5259548080988397,1.729555083117251
"MEAT-PCKGD, PASTRY","DRUG GM, GROCERY",0.021068012215098995,0.5872322435174746,1.7285396163472075
 ,PRODUCE,0.01389366392298825,0.5560501821125051,1.7247985292589574
" , GROCERY, PRODUCE",DRUG GM,0.010061277731712743,0.7300073367571533,1.7234851404044575
"DRUG GM, GROCERY","MEAT-PCKGD, PRODUCE",0.07410965275952029,0.21814447718546298,1.7204178736615636
"MEAT-PCKGD, PRODUCE","DRUG GM, GROCERY",0.07410965275952029,0.584473065114239,1.7204178736615636
" , PRODUCE",DRUG GM,0.010121948753210508,0.7285298398835517,1.719996896138368
DELI,"GROCERY, MEAT-PCKGD",0.04533136489574696,0.35147001176009407,1.71734851863943
"GROCERY, MEAT-PCKGD",DELI,0.04533136489574696,0.22149756663949208,1.71734851863943
"MEAT, PASTRY","DRUG GM, GROCERY",0.019515845248447832,0.5767219483041984,1.6976021774442778
 ,"DRUG GM, GROCERY",0.014409367605719255,0.5766895993524889,1.6975069571201309
"MEAT, MEAT-PCKGD","DRUG GM, GROCERY",0.053800028313143365,0.5730210016155088,1.6867083053178598
NUTRITION,MEAT,0.01912148360871236,0.3226962457337884,1.6814311507467148
PASTRY,"GROCERY, MEAT",0.0332932230468987,0.30934373091558226,1.6796463571068487
PASTRY,PRODUCE,0.05826440431168726,0.5413632733593273,1.6792415643810712
MEAT-PCKGD,DELI,0.04570550286164985,0.21645954553073296,1.678286969479914
DELI,MEAT-PCKGD,0.04570550286164985,0.3543708349666797,1.6782869694799138
NUTRITION,"GROCERY, MEAT-PCKGD",0.020178170566465103,0.34052901023890786,1.6638887293938365
"PASTRY, PRODUCE","DRUG GM, GROCERY",0.032676400995004753,0.5608295730649081,1.6508223888645124
"DELI, PASTRY","DRUG GM, GROCERY",0.016386231722854774,0.5601451780159005,1.6488078469715886
"DRUG GM, GROCERY","MEAT, PRODUCE",0.07166258822577709,0.21094145310593207,1.6460207569699015
"MEAT, PRODUCE","DRUG GM, GROCERY",0.07166258822577709,0.5591983272182112,1.6460207569699012
"GROCERY, SALAD BAR",PRODUCE,0.011997694501183084,0.5287433155080213,1.6400960242095934
PASTRY,MEAT,0.03383926224037859,0.3144172499647672,1.6382928695706256
NUTRITION,MEAT-PCKGD,0.020350071794042107,0.34343003412969286,1.6264717474904506
PASTRY,"GROCERY, MEAT-PCKGD",0.03546221206544381,0.3294968760276225,1.6099836487005954
"GROCERY, MEAT-PCKGD, NUTRITION, PRODUCE",DRUG GM,0.011851072865896818,0.6770652801848642,1.598493454416586
"DELI, GROCERY, MEAT, MEAT-PCKGD, PRODUCE",DRUG GM,0.014530709648714786,0.6765536723163842,1.5972855918176208
SEAFOOD-PCKGD,"DRUG GM, GROCERY",0.016750257851841366,0.5424922220402817,1.5968457245126535
"MEAT-PCKGD, NUTRITION, PRODUCE",DRUG GM,0.011886464295103849,0.6761576071325855,1.5963505156553168
"GROCERY, MEAT, NUTRITION, PRODUCE",DRUG GM,0.011608388779905757,0.6760895170789164,1.5961897608384825
"DELI, MEAT, MEAT-PCKGD, PRODUCE",DRUG GM,0.014535765567172933,0.6756756756756757,1.5952127165362457
" , GROCERY",DRUG GM,0.014409367605719255,0.6755155250059256,1.5948346144465242
"MEAT, NUTRITION, PRODUCE",DRUG GM,0.01163872429065464,0.6732962854635859,1.5895951789208331
PASTRY,MEAT-PCKGD,0.03587679737901187,0.3333489923427444,1.5787283120821476
"GROCERY, MEAT, NUTRITION",DRUG GM,0.012594292879244443,0.6649759743726642,1.569951633155325
"GROCERY, MEAT-PCKGD, NUTRITION",DRUG GM,0.01338807207717354,0.6634928589325984,1.5664501239324002
NUTRITION,"DRUG GM, GROCERY",0.03149837199425648,0.5315699658703072,1.5646956634454912
"DELI, GROCERY, MEAT, MEAT-PCKGD",DRUG GM,0.01662385989038769,0.6614363307181654,1.5615948359922234
"MEAT-PCKGD, NUTRITION",DRUG GM,0.013453799017129451,0.6611180124223601,1.5608433136100286
"MEAT, NUTRITION",DRUG GM,0.012639796145367768,0.6610259122157589,1.560625872867295
"DELI, MEAT, MEAT-PCKGD",DRUG GM,0.016628915808845835,0.6596470116325712,1.5573704060444875
"DELI, GROCERY, MEAT-PCKGD, PRODUCE",DRUG GM,0.02299937306611119,0.6534980606234736,1.5428532564767425
"DELI, MEAT-PCKGD, PRODUCE",DRUG GM,0.02301959673994378,0.6522922636103152,1.5400064724378941
"DELI, GROCERY, MEAT, PRODUCE",DRUG GM,0.022817360001617895,0.6510386612810156,1.5370468241196704
"DELI, MEAT, PRODUCE",DRUG GM,0.02287803102311566,0.6488385431603098,1.5318525326417034
MEAT-PCKGD,"DRUG GM, GROCERY",0.10868202317633022,0.5147139812752916,1.5150794554346723
"DRUG GM, GROCERY",MEAT-PCKGD,0.10868202317633022,0.3199095157305712,1.515079455434672
"GROCERY, MEAT, MEAT-PCKGD, PASTRY, PRODUCE",DRUG GM,0.010035998139422008,0.6401160915833602,1.5112595674428195
"MEAT, MEAT-PCKGD, PASTRY, PRODUCE",DRUG GM,0.010056221813254596,0.6395498392282958,1.5099226938656198
"GROCERY, NUTRITION, PRODUCE",DRUG GM,0.02528970412765183,0.6272886882367695,1.4809751607736603
"DELI, GROCERY, MEAT",DRUG GM,0.026553683742188607,0.6271044776119403,1.4805402551794122
"DRUG GM, GROCERY",MEAT,0.09639614132303274,0.28374557252135607,1.478475968751916
MEAT,"DRUG GM, GROCERY",0.09639614132303274,0.5022787744671883,1.4784759687519158
"GROCERY, MEAT-PCKGD, PASTRY, PRODUCE",DRUG GM,0.01646207049972698,0.6251920122887865,1.4760250874543366
"DELI, GROCERY, PASTRY, PRODUCE",DRUG GM,0.01263474022690962,0.6241258741258741,1.473508026064844
"MEAT-PCKGD, PASTRY, PRODUCE",DRUG GM,0.01651262968430845,0.6239969430645778,1.4732036308114103
"GROCERY, MEAT, MEAT-PCKGD, PASTRY",DRUG GM,0.011724674904443141,0.6227175080558539,1.4701829937374813
"DELI, MEAT",DRUG GM,0.026654802111351548,0.6222851746931066,1.469162291493986
"MEAT, MEAT-PCKGD, PASTRY",DRUG GM,0.011760066333650171,0.6210947930574099,1.4663519018482498
"DELI, GROCERY, MEAT-PCKGD",DRUG GM,0.028131130301130503,0.620566584876199,1.4651048473249335
"DELI, PASTRY, PRODUCE",DRUG GM,0.012720690840698122,0.6201626817845699,1.4641512665298715
"DELI, MEAT-PCKGD",DRUG GM,0.02822213683337715,0.6174778761061946,1.4578126690137034
 ,DRUG GM,0.015405383541974235,0.6165520032375557,1.4556267620362593
"DRUG GM, GROCERY",PRODUCE,0.15936760571925496,0.46910438432002854,1.4551034747802805
PRODUCE,"DRUG GM, GROCERY",0.15936760571925496,0.4943384982121573,1.4551034747802805
"NUTRITION, PRODUCE",DRUG GM,0.025663842093554715,0.6157205240174672,1.4536637104226366
"GROCERY, MEAT, MEAT-PCKGD, PRODUCE",DRUG GM,0.04276801423746638,0.6142618546220319,1.4502199162287819
"MEAT, MEAT-PCKGD, PRODUCE",DRUG GM,0.04286913260662932,0.6129102211941593,1.44702882483707
"GROCERY, PRODUCE, SEAFOOD-PCKGD",DRUG GM,0.013044269622019536,0.6093528578176665,1.4386301929196978
"GROCERY, MEAT, PASTRY, PRODUCE",DRUG GM,0.01604242926770077,0.6078544061302682,1.4350924761231556
"PRODUCE, SEAFOOD-PCKGD",DRUG GM,0.013145387991182478,0.6066262249183387,1.432192844897684
"GROCERY, MEAT-PCKGD, SEAFOOD-PCKGD",DRUG GM,0.01022306712237345,0.6061151079136691,1.4309861411863634
"MEAT, PASTRY, PRODUCE",DRUG GM,0.01614860355532186,0.6054976303317535,1.4295283292119088
"MEAT-PCKGD, SEAFOOD-PCKGD",DRUG GM,0.010243290796206039,0.6049567034935802,1.4282512470228734
"DELI, GROCERY, PRODUCE",DRUG GM,0.043870204461342446,0.6042479108635097,1.4265778479978974
"DELI, PRODUCE",DRUG GM,0.044289845693368655,0.5979930370673766,1.4118106237524146
"GROCERY, MEAT-PCKGD, PASTRY",DRUG GM,0.021068012215098995,0.5940975192472198,1.402613637997387
DELI,"DRUG GM, GROCERY",0.0614344651849455,0.4763230105840846,1.402074227124519
"MEAT-PCKGD, PASTRY",DRUG GM,0.021214633850385262,0.5913190529875987,1.3960539158268617
"GROCERY, NUTRITION",DRUG GM,0.03149837199425648,0.5911376790966886,1.3956257075197651
"DELI, GROCERY, PASTRY",DRUG GM,0.016386231722854774,0.5903460837887067,1.393756818425333
"GROCERY, MEAT-PCKGD, PRODUCE",DRUG GM,0.07410965275952029,0.5899066323245332,1.3927193109506872
"MEAT-PCKGD, PRODUCE",DRUG GM,0.07443828745929985,0.5870648749950157,1.3860101639552396
"GROCERY, MEAT, PASTRY",DRUG GM,0.019515845248447832,0.5861807137433561,1.383922734552508
"MEAT, PASTRY",DRUG GM,0.01969785831294113,0.5821007022262065,1.3742901748939662
"GROCERY, MEAT, MEAT-PCKGD",DRUG GM,0.053800028313143365,0.579007508978126,1.3669874091119842
"GROCERY, PASTRY, PRODUCE",DRUG GM,0.032676400995004753,0.5772597356198643,1.3628610650876352
PASTRY,"DRUG GM, GROCERY",0.04977551722045827,0.4624888429557946,1.3613528480301917
"MEAT, MEAT-PCKGD",DRUG GM,0.05410843933909034,0.5763058696822833,1.360609068858855
"DELI, PASTRY",DRUG GM,0.016719922341092482,0.5715520221223643,1.3493856397003698
"PASTRY, PRODUCE",DRUG GM,0.033207272433110196,0.5699409927108643,1.3455821364865406
"GROCERY, MEAT, PRODUCE",DRUG GM,0.07166258822577709,0.5698548627025288,1.3453787908733739
"MEAT, PRODUCE",DRUG GM,0.07234513721762695,0.5645244013098196,1.3327940255713642
"GROCERY, SEAFOOD-PCKGD",DRUG GM,0.016750257851841366,0.5627654153218957,1.3286412094834692
SALAD BAR,PRODUCE,0.0129330394159403,0.4274732620320856,1.3259689095853795
NUTRITION,DRUG GM,0.033176936922361316,0.5598976109215017,1.3218705675723592
SEAFOOD-PCKGD,DRUG GM,0.017114283980827958,0.5542819715081054,1.308612521254836
SALAD BAR,"GROCERY, PRODUCE",0.011997694501183084,0.39655748663101603,1.3040436292047053
"MEAT, MEAT-PCKGD, SEAFOOD-PCKGD",GROCERY,0.010981454891095517,1.0,1.2856149291178898
"DELI, DRUG GM, MEAT, MEAT-PCKGD",GROCERY,0.01662385989038769,0.9996959562176954,1.2852240458922535
"DELI, DRUG GM, MEAT, MEAT-PCKGD, PRODUCE",GROCERY,0.014530709648714786,0.9996521739130435,1.285167758707762
"DELI, DRUG GM, MEAT-PCKGD, PRODUCE",GROCERY,0.02299937306611119,0.9991214583790906,1.2844854628941973
"DELI, MEAT-PCKGD, PASTRY, PRODUCE",GROCERY,0.010334297328452686,0.9985344406448461,1.2837307841313956
"DELI, MEAT, MEAT-PCKGD, PRODUCE",GROCERY,0.02147754161020891,0.9983548766157462,1.283499933934852
"MEAT-PCKGD, PRODUCE, SEAFOOD-PCKGD",GROCERY,0.013372904321799097,0.9981132075471697,1.2831892405723841
"DRUG GM, MEAT-PCKGD, SEAFOOD-PCKGD",GROCERY,0.01022306712237345,0.998025666337611,1.2830766962864626
"DRUG GM, MEAT, MEAT-PCKGD, PASTRY, PRODUCE",GROCERY,0.010035998139422008,0.9979889391654098,1.2830294792855763
"MEAT, MEAT-PCKGD, NUTRITION",GROCERY,0.010829777337351102,0.9976711690731251,1.282620949310908
"DRUG GM, MEAT, MEAT-PCKGD, PRODUCE",GROCERY,0.04276801423746638,0.9976412312772733,1.282582460833616
"DELI, MEAT, PASTRY, PRODUCE",GROCERY,0.010379800594576011,0.9975704567541303,1.2824914720500622
"DRUG GM, MEAT, NUTRITION, PRODUCE",GROCERY,0.011608388779905757,0.997393570807993,1.2822640648369568
"DELI, DRUG GM, MEAT, PRODUCE",GROCERY,0.022817360001617895,0.9973480662983426,1.2822055635600083
"DELI, MEAT-PCKGD, PRODUCE",GROCERY,0.035194248387162015,0.9972779369627508,1.2821154042392022
"MEAT, MEAT-PCKGD, PASTRY, PRODUCE",GROCERY,0.01567840313871418,0.9971061093247588,1.2818945000625648
"DRUG GM, MEAT-PCKGD, NUTRITION, PRODUCE",GROCERY,0.011851072865896818,0.9970225435984686,1.2817870667172835
"DELI, MEAT, MEAT-PCKGD",GROCERY,0.02513297065544927,0.9969915764139591,1.2817472548425652
"DRUG GM, MEAT, MEAT-PCKGD, PASTRY",GROCERY,0.011724674904443141,0.9969905417024935,1.2817459246020577
"DRUG GM, MEAT-PCKGD, PASTRY, PRODUCE",GROCERY,0.01646207049972698,0.9969381506429884,1.2816785698738056
"DELI, DRUG GM, MEAT-PCKGD",GROCERY,0.028131130301130503,0.9967753493371552,1.2814692700845465
"DRUG GM, MEAT, NUTRITION",GROCERY,0.012594292879244443,0.9963999999999998,1.2809867153730652
"DELI, DRUG GM, MEAT",GROCERY,0.026553683742188607,0.9962063732928681,1.2807377859877007
"MEAT-PCKGD, SEAFOOD-PCKGD",GROCERY,0.01686654397637875,0.9961182442520157,1.2806244859770919
"MEAT-PCKGD, NUTRITION, PRODUCE",GROCERY,0.017503589702105284,0.995685936151855,1.2800687042295467
"DRUG GM, MEAT-PCKGD, PRODUCE",GROCERY,0.07410965275952029,0.9955851388983223,1.2799391177755912
"DELI, MEAT-PCKGD, PASTRY",GROCERY,0.012452727162416324,0.9955537590945837,1.279898775431432
"MEAT, MEAT-PCKGD, PRODUCE",GROCERY,0.06962505308714381,0.9954460026022842,1.2797602420762224
"DRUG GM, MEAT-PCKGD, NUTRITION",GROCERY,0.01338807207717354,0.9951146185644495,1.2793342098099107
"MEAT-PCKGD, PASTRY, PRODUCE",GROCERY,0.026331223330030133,0.9950324799388613,1.2792286111665974
"DELI, MEAT, PASTRY",GROCERY,0.012028030011931968,0.9949811794228356,1.2791626584573232
"MEAT, MEAT-PCKGD, PASTRY",GROCERY,0.018828240338139828,0.9943925233644861,1.2784058734405934
"DRUG GM, MEAT, MEAT-PCKGD",GROCERY,0.053800028313143365,0.9943001308166698,1.2782870922017815
" , DRUG GM, PRODUCE",GROCERY,0.010061277731712743,0.994005994005994,1.2779089455267736
"DELI, MEAT, PRODUCE",GROCERY,0.03504762675187575,0.9939776312016061,1.2778724818820208
"DRUG GM, MEAT, PASTRY, PRODUCE",GROCERY,0.01604242926770077,0.9934251721978712,1.2771622323390937
"MEAT, PRODUCE, SEAFOOD-PCKGD",GROCERY,0.012781361862195887,0.9933202357563851,1.2770273244833106
"MEAT, NUTRITION, PRODUCE",GROCERY,0.017169899083867575,0.9932728868090085,1.2769664519696853
"DELI, DRUG GM, PASTRY, PRODUCE",GROCERY,0.01263474022690962,0.9932432432432431,1.276928341758985
"DRUG GM, MEAT-PCKGD, PASTRY",GROCERY,0.021068012215098995,0.9930886558627263,1.2767296019147394
"DRUG GM, PRODUCE, SEAFOOD-PCKGD",GROCERY,0.013044269622019536,0.9923076923076923,1.2757255835092907
" , PRODUCE",GROCERY,0.013782433716909013,0.9919941775836971,1.2753225242996242
"DELI, MEAT-PCKGD",GROCERY,0.04533136489574696,0.9918141592920353,1.2750910900963495
"MEAT-PCKGD, NUTRITION",GROCERY,0.020178170566465103,0.9915527950310558,1.2747550763004962
"MEAT-PCKGD, PRODUCE",GROCERY,0.1256294618480393,0.990789106423701,1.2737732668256838
"DRUG GM, MEAT, PASTRY",GROCERY,0.019515845248447832,0.990759753593429,1.2737355303888742
"DRUG GM, MEAT, PRODUCE",GROCERY,0.07166258822577709,0.990565378433154,1.273485638780975
"DELI, DRUG GM, PRODUCE",GROCERY,0.043870204461342446,0.9905251141552511,1.2734338744241929
"MEAT, NUTRITION",GROCERY,0.018939470544219062,0.990481226864093,1.2733774522674814
"MEAT, MEAT-PCKGD",GROCERY,0.09291766942382754,0.9896607431340873,1.2723226261350877
"MEAT, PASTRY, PRODUCE",GROCERY,0.0263918943515279,0.9895734597156399,1.2722104132692673
"DELI, NUTRITION, PRODUCE",GROCERY,0.012700467166865534,0.9893658920834976,1.2719435612225836
"DELI, MEAT",GROCERY,0.042343317086982024,0.9885505193578847,1.2708953058737402
"MEAT-PCKGD, PASTRY",GROCERY,0.03546221206544381,0.9884441939120632,1.2707586122932468
"MEAT, SEAFOOD-PCKGD",GROCERY,0.01558739660646753,0.9881410256410257,1.2703688546379661
"PRODUCE, SEAFOOD-PCKGD",GROCERY,0.02140675875179485,0.9878674755016331,1.2700171744949007
"DELI, PASTRY, PRODUCE",GROCERY,0.020243897506421017,0.9869361597239339,1.2688198610273675
"DRUG GM, NUTRITION, PRODUCE",GROCERY,0.02528970412765183,0.9854215918045706,1.266872709899071
"DRUG GM, MEAT-PCKGD",GROCERY,0.10868202317633022,0.984158959802216,1.2652494513468622
"DRUG GM, PASTRY, PRODUCE",GROCERY,0.032676400995004753,0.9840133982947625,1.265062315299775
"MEAT, PASTRY",GROCERY,0.0332932230468987,0.9838637382339758,1.2648699100913348
"DELI, GROCERY",DRUG GM,0.0614344651849455,0.5344152702643269,1.2617089318544772
"MEAT, PRODUCE",GROCERY,0.125755859809493,0.9812995620783526,1.2615733669447775
"DRUG GM, MEAT",GROCERY,0.09639614132303274,0.9806099881705499,1.2606868404341762
"DELI, PRODUCE",GROCERY,0.07260298905899246,0.9802716909004028,1.2602519204131952
"DELI, DRUG GM, PASTRY",GROCERY,0.016386231722854774,0.9800423344420925,1.259957056326302
"DRUG GM, SEAFOOD-PCKGD",GROCERY,0.016750257851841366,0.9787296898079764,1.2582695007880558
DRUG GM,"GROCERY, MEAT-PCKGD",0.10868202317633022,0.25658899923605805,1.253742063314347
"GROCERY, MEAT-PCKGD",DRUG GM,0.10868202317633022,0.5310407865806962,1.253742063314347
"DELI, NUTRITION",GROCERY,0.01443464719800999,0.9724114441416893,1.2501466698336428
"PASTRY, PRODUCE",GROCERY,0.05660606305741501,0.9715376605345366,1.2490233205834687
GROCERY,MEAT-PCKGD,0.20465852326733674,0.26311205288370915,1.2460888038637805
MEAT-PCKGD,GROCERY,0.20465852326733674,0.9692550822498384,1.2460888038637803
"DRUG GM, PRODUCE",GROCERY,0.15936760571925496,0.9687144657180613,1.2453937791796
GROCERY,"DRUG GM, PRODUCE",0.15936760571925496,0.20488537313044777,1.2453937791796
"NUTRITION, PRODUCE",GROCERY,0.04031589378526503,0.9672489082969432,1.2435096366795308
"NUTRITION, PASTRY",GROCERY,0.010930895706514045,0.9669051878354202,1.2430677445227536
SEAFOOD-PCKGD,GROCERY,0.02976419196311202,0.9639757655149828,1.2393016354539081
DRUG GM,"GROCERY, PRODUCE",0.15936760571925496,0.3762533422459893,1.2372752765083834
"GROCERY, PRODUCE",DRUG GM,0.15936760571925496,0.5240660382063943,1.2372752765083832
"GROCERY, MEAT",DRUG GM,0.09639614132303274,0.52340297032421,1.2357098297183542
DRUG GM,"GROCERY, MEAT",0.09639614132303274,0.22758307868601985,1.2357098297183542
"DELI, DRUG GM",GROCERY,0.0614344651849455,0.9604774326140227,1.2348041264494096
DRUG GM,MEAT-PCKGD,0.1104313709628491,0.2607190603514133,1.2347556810761997
MEAT-PCKGD,DRUG GM,0.1104313709628491,0.5229988267126403,1.2347556810761995
GROCERY,MEAT,0.18417194167492468,0.2367741977419124,1.2337283654199893
MEAT,GROCERY,0.18417194167492468,0.9596406649279486,1.2337283654199893
"GROCERY, PASTRY",DRUG GM,0.04977551722045827,0.518403454267811,1.2239063981656058
"DRUG GM, NUTRITION",GROCERY,0.03149837199425648,0.9494056690033528,1.220570101859868
"DELI, PASTRY",GROCERY,0.027756992335227618,0.9488420324922227,1.2198454823465632
GROCERY,PRODUCE,0.304098327502174,0.3909533497565763,1.2126886823545215
PRODUCE,GROCERY,0.304098327502174,0.9432752023085126,1.2126886823545215
DRUG GM,MEAT,0.0983022225817542,0.2320831741787624,1.2092854620635174
MEAT,DRUG GM,0.0983022225817542,0.5122105429542401,1.2092854620635174
PRODUCE,DRUG GM,0.16451453070964872,0.5103036195972649,1.2047833784485273
DRUG GM,PRODUCE,0.16451453070964872,0.3884047937356761,1.2047833784485273
"DRUG GM, PASTRY",GROCERY,0.04977551722045827,0.936994384695917,1.204613969464702
" , DRUG GM",GROCERY,0.014409367605719255,0.935346242205448,1.2024950928736418
SEAFOOD,GROCERY,0.01168928347523611,0.9300080450522928,1.1956322269189708
"PRODUCE, SALAD BAR",GROCERY,0.011997694501183084,0.9276778733385457,1.1926365233763692
DELI,DRUG GM,0.06396242441401905,0.495923167385339,1.1708323556962785
PASTRY,DRUG GM,0.053122535239751655,0.49358763564616903,1.1653183641995855
NUTRITION,GROCERY,0.05328432463041236,0.8992320819112629,1.1560661892468806
PASTRY,GROCERY,0.09601694743867172,0.8921407431765868,1.1469494583021491
DELI,GROCERY,0.11495641798289077,0.891297530380243,1.1458654113427462
"DRUG GM, SALAD BAR",GROCERY,0.010071389568629038,0.8733011836913634,1.1227290393699414
 ,GROCERY,0.021330919974922643,0.8537029542695265,1.0975332630409504
"COSMETICS, DRUG GM",GROCERY,0.012134204299553057,0.847756976333451,1.0898890250381261
"GROCERY, SALAD BAR",DRUG GM,0.010071389568629038,0.44385026737967914,1.047892674327874
COSMETICS,GROCERY,0.014813841082371023,0.8116343490304709,1.0434492360984535
DRUG GM,GROCERY,0.3397273848767367,0.8020674178762414,1.031149846580733
GROCERY,DRUG GM,0.3397273848767367,0.4367585978277119,1.031149846580733
SALAD BAR,"DRUG GM, GROCERY",0.010071389568629038,0.33288770053475936,0.9798671386339403
SALAD BAR,GROCERY,0.022690962040164218,0.75,0.9642111968384174
SALAD BAR,DRUG GM,0.011532550003033552,0.3811831550802139,0.8999409601437803
